Titre	Titre	Couplet avant le 1er refrain	Refrain	Couplets 1 si après le R/	Couplets 2	Couplet 3	Couplets 4+	Intro instrumentale	Intro Paul
A ce monde que tu fais	A ce monde que tu fais	1. À ce monde que Tu fais chaque jour avec tendresse * Donne un cœur de chair, donne un cœur nouveau * À ce monde où Tu voudrais plus de joie, moins de détresse * Donne un cœur de chair, donne un cœur nouveau * À ce monde qui renaît s'il a foi en Ta promesse * Donne un cœur de chair, donne un cœur nouveau *	R/ Viennent les cieux nouveaux et la nouvelle terre Que Ta bonté nous donnera Viennent les cieux nouveaux et la nouvelle terre Où la justice habitera		2. Sur les hommes qu'il t'a plu de créer à ton image * Envoie ton Esprit, un Esprit nouveau * Sur les hommes que l'on tue pour leur peau ou leur visage * Envoie ton Esprit, un Esprit nouveau * Sur les hommes qui n'ont plus qu'à se taire sous l'outrage * Envoie ton Esprit, un Esprit nouveau *				
À l'image de ton amour	À l'image de ton amour	"1. Seigneur Jésus, Tu nous as dit : ""Je vous laisse un commandement nouveau : Mes amis, aimez-vous les uns les autres. Écoutez mes paroles et vous vivrez"".  2. Devant la haine, le mépris, la guerre, Devant les injustices, les détresses, Au milieu de notre indifférence, Ô Jésus, rappelle-nous ta Parole."	FAIS-NOUS SEMER TON ÉVANGILE, FAIS DE NOUS DES ARTISANS D’UNITÉ. FAIS DE NOUS DES TÉMOINS DE TON PARDON, À L’IMAGE DE TON AMOUR.		3. Tu as versé ton sang sur une croix, Pour tous les hommes de toutes les races, Apprends-nous à nous réconcilier, Car nous sommes tous enfants d’un même Père.				Ô Jésus, rappelle nous la Parole.
A tes pieds, ô divin roi	A tes pieds, Ô divin Roi			A tes pieds ô divin roi, nous apportons nos présents (x2) Car tous nos biens sont à toi, à toi seul et en tout temps, Voici, voici nos présents, bénis-les ô Jésus (x2)	Tu es béni ô Seigneur, toi le roi de l’univers (x2) Nous venons t’offrir ce pain, nous venons t’offrir ce vin, Voici, voici nos présents, bénis-les ô Jésus (x2)	Tu es béni ô Seigneur, toi le roi de l’univers (x2) Nous venons t’offrir nos cœurs, nous venons t’offrir nos vies, Voici, voici nos présents, bénis-les ô Jésus (x2)			
À toi la gloire, ô Ressuscité !	À toi la gloire	1. À toi la gloire, ô Ressuscité, À toi la victoire pour l'éternité ! Brillant de lumière, l'ange est descendu ; il roule la pierre du tombeau vaincu.	R/ À toi la gloire, ô Ressuscité, À toi la victoire pour l'éternité !		2. Vois-Le paraître; c’est Lui, c’est Jésus, Ton Sauveur, ton Maître! Oh! Ne doute plus! Sois dans l’allégresse, peuple du Seigneur, Et redis sans cesse, que Christ est vainqueur.	3. Craindrais-je encore? Il vit à jamais, Celui que j’adore, le Prince de paix; Il est ma victoire, mon puissant soutien, Ma vie et ma gloire: Non je ne crains rien.			
Acclamation Gloire à toi, Seigneur, gloire à toi. Robert	Gloire à toi, Seigneur			Gloire à toi, Seigneur, gloire à toi					
Acclamation Gloire au Christ, Parole éternelle A7	Gloire au Christ, Parole éternelle du Dieu vivant			2nd dimanche de Carême Gloire au Christ, Parole éternelle du Dieu vivant. Gloire à toi, Seigneur	3ème dimanche de Carême Gloire au Christ, Sagesse éternelle du Dieu vivant. Gloire à toi, Seigneur				
Acclamation Gloire au Christ, Parole éternelle du Dieu vivant. Gloire à toi, Seigneur. Robert	Gloire au Christ, Parole éternelle du Dieu vivant			Gloire au Christ, Parole éternelle du Dieu vivant. Gloire à toi, Seigneur					
Acclamation Gloire au Christ, Sagesse éternelle du Dieu vivant. Gloire à toi, Seigneur. Robert	Gloire au Christ, Sagesse éternelle du Dieu vivant			Gloire au Christ, Sagesse éternelle du Dieu vivant. Gloire à toi, Seigneur					
Acclamation Gloire et louange à toi, Seigneur Jésus ! Deiss et Lécot	Gloire et louange à toi, Seigneur Jésus			Gloire et louange à toi, Seigneur Jésus					
"Acclamation Messe ""En famille, en Église"" Ta Parole, Seigneur, est lumière, gloire et louange à toi !"	Messe En famille, en Église			Ta Parole, Seigneur, est lumière, Gloire et louange à toi. Ta Parole, Seigneur nous libère, Gloire et louange à toi. Ta Parole aujourd’hui nous fait vivre, Gloire et louange à toi.					
Acclamation Parole éternelle du Père - Carême et Jeudi Saint	Parole éternelle du Père			Carême : Parole éternelle du Père, Gloire à Toi, Jésus Christ ! Parole éternelle du Père, Gloire à Toi notre vie !  Jeudi Saint : Agneau de la Pâque Nouvelle, gloire à Toi, Jésus Christ ! Agneau de la Pâque Nouvelle, gloire à Toi notre vie !					
Acclamation Ta Parole, Seigneur, est vérité, et ta loi, délivrance. Robert	Ta Parole, Seigneur, est vérité, et ta loi, délivrance			Ta Parole, Seigneur, est vérité, et ta loi, délivrance					
Acclamez votre Dieu	Acclamez votre Dieu		R. Acclamez votre Dieu sur toute la terre, Célébrez-le par vos chants de joie ! Acclamez votre Dieu, Il est la lumière, Éternel est son amour !	1. Chantez au Seigneur vos hymnes de fête, Proclamez-le devant les nations. Louez le Seigneur, louez votre Roi, Il demeure éternellement.	2. Venez l’adorer, nations de la terre ! Ne craignez pas, vous serez bénis. Vous êtes son peuple, il est votre Dieu, En ses mains remettez vos vies.	3. Offrez au Seigneur votre action de grâce, De la détresse, il vous a tirés. Du lieu de la mort, du fond des enfers, Par son Fils il vous a sauvés.	4. Venez au banquet, buvez à la source, Dieu vous invite, écoutez sa voix ! Venez sans argent, approchez de lui, Écoutez, alors vous vivrez.  5. Bénissez sans fin le Dieu qui nous sauve, Il a rendu nos âmes à la vie. Louez le Seigneur, nous sommes à lui, Qu’il est grand, son amour pour nous !		
Adeus de Fatima (Ó Virgem do Rosário)	Adeus de Fatima	1. Ó Virgem do Rosário, Da Fátima Senhora: De Portugal Rainha, Dos homens protectora. Ó Virgem do Rosário, Da Fátima Senhora, Do vosso Santuário forçoso é ir-me embora.	R/ Uma prece final Ao deixar-vos, Mãe de Deus: Viva sempre em minha alma este grito imortal: Ó Fátima, Adeus. Virgem Mãe, Adeus!		2. De vós me aparto, ó Virgem, Eis o grito de dor, Que solta ao despedir-se O pobre pecador, De vós me aparto, ó Virgem Eis o grito de dor, Acolhe, Mãe bondosa, Este último clamor.	3. De vós me aparto, ó Virgem, Deste local bendito, Onde a saúde e a paz Sois do enfermo e aflito. De vós me aparto, ó Virgem, Deste local bendito Onde encontra perdão O coração contrito.	4. De vós me aparto, ó Virgem, O pranto aos olhos vem, Mas sente-se feliz Quem vossa bênção tem. De vós me aparto, ó Virgem, O pranto aos olhos vem; Adeus, repito e choro, Adeus, saudosa Mãe.		
Adorez-le, bénissez-le	Adorez-le		R/ Adorez-le, bénissez-le ! Que la louange de vos chants le glorifie ! Adorez-le, bénissez-le ! Que de vos cœurs jaillisse le feu de l'Esprit !	1. Aujourd'hui, approchez-vous de lui, présentez-lui l'offrande de vos vies !	2. D'un seul cœur, louez votre Seigneur, que son amour transforme votre vie.				
Agneau de Dieu de Mozart	Agneau de Dieu (Mozart)			1. & 2. Agneau de Dieu qui enlèves Le péché du monde Prends pitié de nous, Seigneur (bis)	3. Agneau de Dieu qui enlèves Le péché du monde Donne-nous la paix, Seigneur (bis)				
Agneau de Dieu qui prends nos péchés	Agneau de Dieu qui prends nos péchés			1. Agneau de Dieu qui prends nos péchés, Agneau de Dieu qui prends nos péchés : Tu donnes joie au monde. JOIE. TU DONNESZ JOIE AU MONDE.	2. Agneau de Dieu qui prends nos péchés, Agneau de Dieu qui prends nos péchés : Tu donnes vie au monde. VIE. TU DONNES VIE AU MONDE.	3. Agneau de Dieu qui prends nos péchés, Agneau de Dieu qui prends nos péchés : Tu donnes pais au monde. PAIX. TU DONNES PAIX AU MONDE.			
Aimer c'est tout donner									
Alleluia - Schutz	Alléluia (Schütz)			Alléluia (x8)					
Alléluia ! Magnificat ! de la communauté du Chemin Neuf	Alléluia ! Magnificat !			Alléluia (x7)					2 premiers Alléluia
Alléluia (J. Berthier)	Alléluia 7 (Berthier)			Alléluia (x6)					
Alléluia de Taizé	Alléluia de Taizé			Alléluia, allélu, alléluia, Alléluia, alléluia ! Alléluia, allélu, alléluia, Alléluia, alléluia !					2nde fois de : Alléluia, allélu, alléluia, Alléluia, alléluia !
Alléluia dit « du Congo »	Alléluia dit « du Congo »			Alléluia Alléluia, Alléluia Alléluia, Alléluia Alléluia, A Alléluia					
Alléluia Louange et gloire	Alléluia Louange et gloire			Alleluia, Alleluia, Alleluia, Alleluia, Alleluia, Alleluia, Alleluia, Amen Amen, Alleluia, Amen					
Alléluia, lumière des nations	Alléluia, lumière des nations			Alleluia, Lumière des nations, Alleluia, Alleluia !  Alleluia, Jésus, nous t'acclamons, Alleluia, Alleluia !					
Alléluia, proclamez que le Seigneur est bon	Alléluia, proclamez que le Seigneur est bon			Alléluia (x6)					
Alléluia, roi de la paix	Alléluia, roi de la paix			Alleluia ! Alleluia ! Alleluia ! Alleluia !  Alleluia ! Alleluia ! Alleluia ! Alleluia !					
Allez porter ma joie (au monde)	Allez porter ma joie		R/ Allez porter ma joie au monde Par toute la planète Porter ma joie au monde Porter ma fête (bis)	1. Vers les hommes sans lumière Allez porter la paix Et cette amitié qui éclaire Portez l'amour qui ne finit jamais	2. Aux travaux de cette terre Allez pour la moisson Il y a tant de travail à faire Pour moissonner à tous les horizons	3. Pour le royaume à construire Allez porter vos vies Portez vos pierres et vos rires Au monde neuf qui doucement grandit	4. Aux enfants de la souffrance Allez tendre vos mains Offrir une seconde chance Pour inventer ensemble un lendemain		
"Anamnèse ""Christ est venu"" C99"	Christ est venu			Christ est venu, Christ est né. Christ a souffert, Christ est mort. Christ est ressuscité, Christ est vivant. Christ reviendra, Christ est là, Christ reviendra, Christ est là.					
Anamnèse Amazing grace	Anamnèse Amazing grace			Gloire à Toi qui étais mort, Gloire à Toi Jésus, Gloire à Toi qui es vivant, Gloire à Toi, Gloire à Toi ressuscité, Viens revivre en nous aujourd’hui et jusqu’au dernier jour.					
Anamnèse n°3 de Jacques PICHARD	Anamnèse n°3 de Jacques PICHARD			Sauveur du monde, sauve-nous, par Ta croix et Ta résurrection, Tu nous as libérés					
Anamnèse n°3 de Marie VALLIN	Anamnèse n°3 de Marie VALLIN			Sauveur du monde, sauve-nous, par Ta croix et Ta résurrection, Tu nous as libérés					
Approchons-nous de la table	Approchons-nous de la table			1. Approchons-nous de la table Où le Christ va s’offrir parmi nous. Offrons-lui ce que nous sommes, Car le Christ va nous transformer en lui.	2. Voici l’admirable échange Où le Christ prend sur lui nos péchés. Mettons-nous en sa présence, Il nous revêt de sa divinité.	3. Père, nous te rendons grâce Pour ton Fils, Jésus Christ, le Seigneur. Par ton Esprit de puissance, Rends-nous dignes de vivre de tes dons.			3 noires 6 croches 1 blanche (2tps)
Au coeur de ce monde	Au coeur de ce monde		R/Au cœur de ce monde, le souffle de l’Esprit fait retentir le cri de la Bonne Nouvelle ! Au cœur de ce monde, le souffle de l’Esprit met à l’œuvre aujourd’hui des énergies nouvelles.	1.Voyez ! Les pauvres sont heureux : ils sont premiers dans le Royaume !					
 Voyez ! Les artisans de Paix : ils démolissent leurs frontières !									
 Voyez ! Les hommes au cœur pur : ils trouvent Dieu en toute chose !									
Aube nouvelle	Aube nouvelle			1. Aube nouvelle, dans notre nuit, Pour sauver son peuple Dieu va venir. Joie pour les pauvres, fête aujourd´hui ! Il faut préparer la route au Seigneur. Il faut préparer la route au Seigneur.	2. Bonne Nouvelle, cris et chansons, Pour sauver son peuple, Dieu va venir. Voix qui s´élève dans nos déserts. Il faut préparer la route au Seigneur. Il faut préparer la route au Seigneur.	3. Terre nouvelle, monde nouveau, Pour sauver son peuple, Dieu va venir. Paix sur la terre, ciel parmi nous. Il faut préparer la route au Seigneur. Il faut préparer la route au Seigneur.			
Aujourd’hui s’est levée la lumière	Aujourd’hui s’est levée la lumière		R/ Aujourd’hui s’est levée la lumière, C’est la lumière du Seigneur, Elle dépassera les frontières, Elle habitera tous les cœurs.	1. Que la steppe exulte et fleurisse, Qu’elle éclate en cris de joie. Au pays de la soif L’eau a jailli et se répand. R/	2. Vous verrez la gloire du Seigneur, La splendeur de notre Dieu. Dites aux cœurs affligés : “Voici votre Dieu, soyez sans crainte”. R/	3. C’est lui qui vient pour vous sauver, Alors s’ouvriront vos cœurs, À l’amour du Seigneur Qui vient pour vous racheter. R/			
Ave Maria de Fatima	Ave Maria de Fatima	1. Dans la lande claire, Sous un arbrisseau, La Dame en lumière Parle aux pastoureaux.	R/ Ave, ave, ave Maria Ave, ave, ave Maria.		2. C’est la Vierge Mère Qui pour nous sauver Descend sur la terre Et vient nous parler.	3. Des maux de la guerre, L’Europe souffrait, Et l’Europe entière En sang se montrait.	4. Le mal à combattre, Ce sont nos péchés. Aux trois petits pâtres, Marie dit « Priez ».  5. Priez pour le monde Rempli de pécheurs. Que la grâce abonde Dans les pauvres cœurs.  6. Par vos sacrifices, Payez le tribut, Soyez les prémices De l’humain salut.  7. Disons le Rosaire, Convertissons-nous, Au Ciel, notre Mère Nous conduira tous.  8. Suivons notre Mère, Portons notre croix, Afin que la terre Revienne à la foi.  9. À tous ceux qui l'aiment Elle a fait le don De son Cœur lui-même Gage de pardon.		
Ave Maria de Lourdes	Ave Maria de Lourdes			1. Ô Vierge Marie Le peuple chrétien À Lourdes vous prie Chez vous il revient. Ave, ave, ave Maria. (bis)	2. Le fond de la roche S'éclaire à l'instant La Dame s'approche Fait signe à l'enfant. Ave, ave, ave Maria. (bis)	3. « Venez, je vous prie Ici, quinze fois Avec vos amies Entendre ma voix ». Ave, ave, ave Maria. (bis)	4. Avec insistance La Dame, trois fois A dit : « Pénitence ». Chrétien, c¹est pour toi ! Ave, ave, ave Maria. (bis)  À cette fontaine Venez et buvez Dans l¹eau pure et sainte Allez vous laver. Ave, ave, ave Maria. (bis)  « Je veux qu'ici même Au pied de ces monts Le peuple que j'aime Vienne en procession. Ave, ave, ave Maria. (bis)  Et qu'une chapelle Bâtie en ce lieu Aux hommes rappelle Qu'il faut prier Dieu ». Ave, ave, ave Maria. (bis)  Marie est venue Chez nous dix-huit fois L'enfant qui l'a vue Est digne de foi. Ave, ave, ave Maria. (bis)  La grotte où l'on prie Dispense la paix C'est là que Marie Répand ses bienfaits. Ave, ave, ave Maria. (bis)  Aux grâces nouvelles Sachons obéir Car Dieu nous appelle À nous convertir. Ave, ave, ave Maria. (bis)  Le Dieu qui pardonne Absout le pécheur La grâce rayonne Au nom du Sauveur. Ave, ave, ave Maria. (bis)  À l'heure dernière Pour nous, les pécheurs Veuillez, Sainte Mère, Prier le Sauveur. Ave, ave, ave Maria. (bis)		Ô Vierge Marie, Le peuple chrétien
Avec toi, nous irons au désert	Avec toi, nous irons au désert			1. Seigneur, avec toi nous irons au désert, Poussés comme toi par l'Esprit. Seigneur, avec toi nous irons au désert, poussés comme toi par l'Esprit. Et nous mangerons la parole de Dieu, et nous choisirons notre Dieu. Et nous fêterons notre Pâque au désert : Nous vivrons le désert avec toi !	2. Seigneur, nous irons au désert pour guérir, poussés comme toi par l'Esprit. Seigneur, nous irons au désert pour guérir, Poussés comme toi par l'Esprit. Et tu ôteras de nos coeurs le péché, et tu guériras notre mal. Et nous fêterons notre Pâque au désert : Ô Vivant qui engendre la vie !	3. Seigneur, nous irons au désert pour prier, Poussés comme toi par l'Esprit. Seigneur, nous irons au désert pour prier, Poussés comme toi par l'Esprit. Et nous goûterons le silence de Dieu, Et nous renaîtrons dans la joie. Et nous fêterons notre Pâque au désert : Nous irons dans la force de Dieu !	4. Seigneur, nous irons au désert vers la croix, Poussés comme toi par l'Esprit. Seigneur, nous irons au désert vers la croix, Poussés comme toi par l'Esprit. Et nous te suivrons au désert pas à pas, et nous porterons notre croix Et nous fêterons notre Pâque au désert : Nous vivrons la folie de la Croix !		
C'est toi ma lampe, Seigneur	C'est toi ma lampe, Seigneur		R/ C’est toi ma lampe, Seigneur. Mon Dieu éclaire ma ténèbre. Seigneur, mon Dieu, éclaire ma ténèbre. (bis)	1. Jésus dit : Je suis la lumière du monde. Qui me suit ne marchera pas dans les ténèbres mais aura la lumière de la vie.	2. Toi qui dors, éveille-toi lève-toi d’entre les morts et le Christ t’illuminera.	3. Nous ne sommes pas de la nuit, nous ne sommes pas des ténèbres, nous sommes des enfants de la lumière, nous sommes des enfants du Jour.			
C'est toi Seigneur le Pain rompu	C'est toi Seigneur le Pain rompu		R/ C'est toi Seigneur le Pain rompu, Livré pour notre vie. C'est toi, Seigneur, notre unité, Jésus ressuscité.	1. Jésus, la nuit qu´il fut livré, rompit le pain et dit : Prenez, mangez : voici mon corps, livré pour l´univers.	2. Jésus, la nuit qu´il fut livré, montra le vin et dit : Prenez, buvez : voici mon sang, versé pour l´univers.	3. Je donnerai gratuitement à ceux qui m´ont cherché, Et tous les pauvres mangeront, parole du Seigneur.	4. “Je suis le pain qui donne vie : qui croit en moi, vivra ; Et je le ressusciterai, au jour de mon retour.” 5. “Je suis venu pour vous sauver et non pour vous juger : C’est notre Père qui m’envoie pour vous donner la vie.” 6. Nous partageons un même pain, dans une même foi, Et nous formons un même corps : l’Église de Jésus. 7. C’est maintenant le temps de Dieu : il faut nous préparer. C’est maintenant le temps de Dieu : il faut changer nos cœurs. 8. “Avant d’aller vers mon autel, regarde ton prochain : Pardonne et réconcilie-toi, puis viens dans ma maison.” 9. Si nous souffrons en Jésus Christ, en lui nous régnerons. Si nous mourons en Jésus Christ, en lui nous revivrons. 		
Céleste Jérusalem	Céleste Jérusalem		R/ Notre cité se trouve dans les cieux, Nous verrons l’Epouse de l’Agneau, Resplendissante de la gloire de Dieu, Céleste Jérusalem!	1. L’Agneau deviendra notre flambeau, Nous nous passerons du soleil, Il n’y aura plus jamais de nuit, Dieu répandra sur nous sa lumière.	2. Dieu aura sa demeure avec nous, Il essuiera les larmes de nos yeux, Il n’y aura plus de pleurs ni de peines Car l’ancien monde s’en est allé.	3. Et maintenant, voici le salut, Le règne et la puissance de Dieu, Soyez donc dans la joie vous les Cieux, Il règnera sans fin dans les siècles.			
Change ton regard et la vie jaillira	Change ton regard et la vie jaillira		R/Change ton regard et la vie jaillira !						
 Change ton regard et la vie jaillira !									
 Il cherche la beauté pour s'en émerveiller !									
 Change ton regard et la vie jaillira !									
 Il cherche les blessés pour être leur salut !									
 Change ton regard et la vie jaillira !									
 Il cherche ses enfants pour être leur bonheur !									
 Change ton regard et la vie jaillira !									
Changez vos coeurs	Changez vos cœurs		R/ Changez vos coeurs, croyez à la Bonne Nouvelle ! Changez de vie, croyez que Dieu vous aime !	"1. ""Je ne viens pas pour condamner le monde : Je viens pour que le monde soit sauvé."""	"2. ""Je ne viens pas pour les bien-portants ni pour les justes : Je viens pour les malades, les pécheurs."""	"3. ""Je ne viens pas pour juger les personnes : Je viens pour leur donner la vie de Dieu."""	"4. ""Je suis le Bon Pasteur, dit Jésus : Je cherche la brebis égarée.""  5. ""Je suis la porte, dit Jésus : Qui entrera par moi sera sauvé.""  6. ""Qui croit en moi a la vie éternelle : Croyez en mes paroles et vous vivrez."""		
Chant pour la fête de l'Ascension	Chant pour la fête de l'Ascension		R/ Le Seigneur monte au Ciel au milieu des chants de joie !						
 Il nous prépare une place auprès de Lui. Alléluia !									
 Dans la terre entière ton amour éclate ;									
 Et ta majesté nous est révélée									
 En ce jour de joie, Seigneur de l’univers !									
 Pour mieux accueillir ta grâce et ta lumière.									
 Fais grandir la foi de tous les croyants,									
 Source d’espérance : Jésus Christ Sauveur !									
 Selon ta promesse faite à ceux qui t’aiment :									
"""Nous viendrons chez vous, Père, Fils, Esprit,"									
" Et vous aurez part à notre Vie d’amour""."									
Chantez avec moi le Seigneur	Chantez avec moi		R/ Chantez avec moi le Seigneur, Célébrez-le sans fin. Pour moi il a fait des merveilles, Et pour vous il fera de même.	1. Il a posé les yeux sur moi, Malgré ma petitesse. Il m’a comblée de ses bienfaits, En lui mon cœur exulte.	2. L’amour de Dieu est à jamais Sur tous ceux qui le craignent. Son Nom est saint et glorieux, Il a fait des merveilles.	3. Déployant son bras tout-puissant Il disperse les riches. Aux pauvres il donne à pleines mains, A tous ceux qui le cherchent.	4. Il se souvient de son amour, Il élève les humbles. Il protège et soutient son peuple, Il garde sa promesse.		
Chantez, priez, célébrez le Seigneur	Chantez, priez, célébrez le Seigneur		R/ CHANTEZ, PRIEZ, CÉLÉBREZ LE SEIGNEUR, DIEU NOUS ACCUEILLE, PEUPLES DU MONDE. CHANTEZ, PRIEZ, CÉLÉBREZ SON NOM, DIEU NOUS ACCUEILLE DANS SA MAISON.	1. Il a fait le ciel et la terre, ÉTERNEL EST SON AMOUR, Façonné l’homme à son image, ÉTERNEL EST SON AMOUR.	2. Il sauva Noé du déluge, ÉTERNEL EST SON AMOUR, L’arc-en-ciel en signe d’alliance, ÉTERNEL EST SON AMOUR.	3. D’Abraham, il fit un grand peuple, ÉTERNEL EST SON AMOUR, Par milliers fut sa descendance, ÉTERNEL EST SON AMOUR.	4. Il perçut le cri de son peuple, ÉTERNEL EST SON AMOUR, Le guida en terre promise, ÉTERNEL EST SON AMOUR.  5 Aux exilés de Babylone, ÉTERNEL EST SON AMOUR, Il donna la foi qui libère, ÉTERNEL EST SON AMOUR.  6 Il a parlé par les prophètes, ÉTERNEL EST SON AMOUR, Sa parole est une promesse, ÉTERNEL EST SON AMOUR.  7 Il combla Marie de sa grâce, ÉTERNEL EST SON AMOUR, Il se fit chair parmi les hommes, ÉTERNEL EST SON AMOUR.  8 Crucifié, c’est sa vie qu’Il donne, ÉTERNEL EST SON AMOUR, Mais le Père le ressuscite, ÉTERNEL EST SON AMOUR.  9 Dans l’Esprit Saint, Il nous baptise, ÉTERNEL EST SON AMOUR, Son amour forge notre Église, ÉTERNEL EST SON AMOUR.  10 Acclamez Dieu, ouvrez le Livre, ÉTERNEL EST SON AMOUR, Dieu nous crée et Dieu nous délivre, ÉTERNEL EST SON AMOUR.		
Chantons le Seigneur - Cantique de Moïse									
Chercher avec toi, Marie	Chercher avec toi, Marie		R/ Chercher avec toi, dans nos vies Les pas de Dieu, Vierge Marie, Par toi, accueillir aujourd’hui Le don de Dieu, Vierge Marie.	1. Puisque tu chantes avec nous, Magnificat, Vierge Marie, Permets la Pâque sur nos pas, Nous ferons tout ce qu’il dira.	"2. Puisque tu souffres avec nous, Gethsémani, Vierge Marie, Soutiens nos croix de l’""aujourd’hui"", Entre tes mains, voici ma vie."	3. Puisque tu demeures avec nous Pour l’angélus, Vierge Marie, Guide nos pas dans l’inconnu, Car tu es celle qui a cru.			
Christ aujourd'hui nous appelle	Christ aujourd'hui nous appelle		R/ CHRIST AUJOURD'HUI NOUS APPELLE, CHRIST AUJOURD'HUI NOUS ENVOIE ! VIVE LE SEIGNEUR QUI NOUS AIME, DIEU NOUS DONNE SA JOIE, DIEU NOUS DONNE SA JOIE !	1. Ses chemins vous conduisent vers la vie. Partez loin, l'aventure est infinie ! Vous serez ses témoins, Vous qu'il nomme ses amis !	2. Ses chemins sont amour et vérité. Le bon grain, Dieu lui-même l'a semé. Vous serez ses témoins, La parole va germer.	3. Ses chemins déconcertent vos regards. Son matin réconforte vos espoirs. Vous serez ses témoins : Soyez sûrs de votre foi !	4. Ses chemins vous libèrent de la peur ; Dieu soutient les disciples du Sauveur. Vous serez ses témoins sur les pas du Serviteur. 5 Ses chemins vous entraînent vers la croix ; Le Dieu saint est présent au Golgotha. Vous serez ses témoins : Jour de Pâques brillera. 6 Ses chemins vous appellent à tout quitter. Pélerins, que l'Esprit soit votre paix ! Vous serez ses témoins Dans son peuple à réveiller. 7 Ses chemins vous apprennent à partager. Le vrai pain chaque jour vous est donné. Vous serez ses témoins : Dieu prépare son Banquet. 8 Ses chemins sont ouverts sur l'avenir ; par vos mains le bonheur pourra fleurir. Vous serez ses témoins Dans un monde à rebâtir. 9 Ses chemins sont jeunesse pour les coeurs. Christ a faim d'envoyer des rassembleurs. Serez-vous ses témoins, Les prophètes du Seigneur ?		Christ aujourd'hui nous appelle
Comme les mages	Comme les mages		R/Comme les mages,  						
 Guidés par ton étoile,  									
 Nous te présentons  									
 Nos vies avec ces dons.  									
 Dieu, notre Père,  									
 Nous te bénissons.  									
 Travail de nos mains,									
 Il deviendra									
 Le pain qui mène à toi,									
 Le pain qui donne vie,									
 Le don de Jésus Christ									
 Travail de nos mains,									
 Il deviendra									
 Le vin qui donne joie,									
 Le vin de ton banquet,									
 Présent d’éternité.									
Comme lui									
Comme un enfant	Comme un enfant	1. Comme un enfant qui marche sur la route, Le nez en l’air et les cheveux au vent, Comme un enfant que n’effleure aucun doute Et qui sourit en rêvant.	R/ Me voici Seigneur ! Me voici, comme un enfant Me voici, Seigneur ! Me voici comme un enfant.		2. Comme un enfant tient la main de son père Sans bien savoir où la route conduit Comme un enfant, chantant dans la lumière Chante aussi bien dans la nuit.	3. Comme un enfant qui s’est rendu coupable Mais qui sait bien qu’on lui pardonnera Pour s’excuser d’être si misérable Vient se jeter dans vos bras.			
Comment ne pas te louer	Comment ne pas te louer		R/ Comment ne pas te louer-er-er Comment ne pas te louer-er-er Comment ne pas te louer-er-er Seigneur Jésus ! Comment ? Comment ?	1. Quand je regarde autour de moi Je vois ta gloire, Seigneur Jésus, je te bénis. Comment ne pas te louer-er-er, Seigneur Jésus ! Comment ? Comment ?	2. Quand je regarde autour de moi Je vois mes frères, Seigneur Jésus, merci pour eux. Comment ne pas te louer-er-er, Seigneur Jésus ! Comment ? Comment ?				
Corps livré, sang versé	Corps livré, sang versé		R/ CORPS LIVRÉ, SANG VERSÉ, JÉSUS CHRIST POUR NOUS SE DONNE! CORPS LIVRÉ, SANG VERSÉ, VIE DONNÉE POUR TOUS LES HOMMES.	1. Le Pain que nous mangeons  est communion au Corps du Christ !	2. Le vin que nous buvons est communion au Sang du Christ !	3. Venons les mains tendues, nous rassasier de Jésus Christ !	4. L’Esprit qui nous unit fait de nous tous le Corps du Christ !		
Couronnée d'étoiles	Couronnée d’étoiles		R/ Nous te saluons, Ô toi, Notre Dame, Marie, Vierge sainte, que drape le soleil. Couronnée d’étoiles, la lune est sous tes pas, En toi nous est donnée L’aurore du salut.	1. Marie, Ève nouvelle et joie de ton Seigneur, Tu as donné naissance à Jésus, le Sauveur. Par toi, nous sont ouvertes les portes du jardin. Guide-nous en chemin, Étoile du matin.	2. Tu es restée fidèle, Mère, au pied de la croix. Soutiens notre espérance et garde notre foi. Du côté de ton Fils, tu as puisé pour nous, L’eau et le sang versés qui sauvent du péché.	3. Quelle fut la joie d’Ève, lorsque tu es montée, Plus haut que tous les anges, plus haut que les nuées. Et quelle est notre joie, douce Vierge Marie, De contempler en toi, la promesse de vie.	4. Ô Vierge immaculée, préservée du péché, En ton âme, en ton corps, tu entres dans les cieux. Emportée dans la gloire, sainte Reine des cieux, Tu nous accueilleras un jour auprès de Dieu.		
Criez de joie, Christ est ressuscité	Criez de joie, Christ est ressuscité		R/ Criez de joie, Christ est ressuscité ! Il est vivant comme il l´avait promis. Alléluia, Christ est ressuscité ! Il nous ouvre la vie !	1. Au milieu de notre nuit, La lumière a resplendi. La Vie a détruit la mort, Christ ressuscité !	2. Vous les anges, louez-le, Exultez depuis les cieux ! Tous les vivants louez Dieu ! Christ ressuscité !	3. Louez Dieu dans sa grandeur, Louez Dieu notre Sauveur ! Sans fin louez le Seigneur ! Christ ressuscité !			
Danse de joie, cité de paix			R/ REJOUIS-TOI, DANSE DE JOIE, JERUSALEM, CITE DE PAIX ! REJOUIS-TOI, DANSE DE JOIE : TON DIEU VIENT DEMEURER CHEZ TOI !	1. Ecoute la voix des guetteurs sur tes murs, ô Jérusalem ! Ils crient de joie quand se lève l'aurore pour éveiller les habitants de la cité :	2. Ecoute le cri de la Bonne Nouvelle, ô Jérusalem ! Les messagers qui s'avancent vers toi vont annoncer la paix de Dieu qui vient sur toi :	3. Ecoute ce chant de douceur dans ton coeur, ô Jérusalem ! Oui, c'est ton Dieu qui prend chair dans ta chair pour consoler dans son amour tous tes enfants.	4. Ecoute l'appel du veilleur dans la nuit, ô Jérusalem ! C'est de ses yeux qu'il a vu le Seigneur, car Dieu revient dans la cité de son bonheur !  5. Ecoute les pleurs d'un enfant innocent, ô Jérusalem ! C'est dans sa chair que Dieu vient te sauver, renouvelant pour toi l'amour des premiers jours.  6. Ecoute le chant de l'Epoux qui approche, ô Jérusalem ! C'est dans sa chair que Dieu vient t'épouser pour ce bonheur où tu vivras ressuscitée.		
Demeurez en mon amour	Demeurez en mon amour		R/ Demeurez en mon amour comme je demeure en vous, Ainsi tous reconnaîtront que vous êtes mes amis.	1. Prenez et mangez, c’est mon corps livré pour vous. Prenez et buvez, c’est mon sang versé pour vous.	2. Si quelqu’un a soif, qu’il vienne à moi et qu’il boive. Qui croira en moi, de son sein l’eau jaillira.	3. La gloire de mon Père, c’est que vous portiez du fruit. Ayez foi en moi, demandez, vous recevrez.	4. Dieu m’a envoyé, moi aussi je vous envoie. Recevez l’Esprit et proclamez le Salut.  5. Soyez mes témoins, je vous ferai pécheurs d’hommes. Je suis avec vous pour toujours, n’ayez pas peur.		
Devenez ce que vous recevez	Devenez ce que vous recevez		R/Devenez ce que vous recevez						
 Devenez le corps du Christ									
 Devenez ce que vous recevez									
 Vous êtes le corps du Christ									
 Nous ne formons tous qu'un seul corps									
 Abreuvés de l'unique esprit									
 Nous n'avons qu'un seul Dieu et père									
 Nous n'avons qu'un cœur et qu'une âme									
 Fortifiés par l'amour du Christ									
 Nous pouvons aimer comme il aime									
 Et réconciliés avec Dieu									
 Sanctifiés par la vie du Christ									
 Nous goûtons la joie du royaume									
 Nous formons un peuple nouveau									
 Bienheureux sont les invités									
 Au festin des noces éternelles									
Dieu fidèle, Dieu de l'alliance	Dieu fidèle, Dieu de l'alliance		R/ Dieu Fidèle, Dieu de l'alliance en Jésus-Christ Tu es Dieu libérateur sur nos chemins de peine et d'espérance, en Jésus-Christ tu es sauveur.	1. Depuis le désert au séjour de l'épreuve, Tu es Dieu libérateur. Dans tous les déserts où tu relèves ton peuple, Tu es Dieu sauveur.	2. Quand sur le Tabor resplendit ta lumière, Tu es Dieu libérateur. Quand renait l'espoir dans la nuit de nos misères, Tu es Dieu sauveur.	3. Quand de ta maison monte un cri de colère, Tu es Dieu libérateur. Lorsque dans nos vies tu habites nos prières, Tu es Dieu sauveur.	4. Depuis cette croix par-delà nos errances, Tu es Dieu libérateur. Lorsque nos regards s'illuminent en ta présence, Tu es Dieu sauveur. 5. Quand parait le jour où ton coeur se révèle, Tu es Dieu libérateur. Comme un grain de blé que l'on jette dans la terre, Tu es Dieu sauveur.		
Dieu notre Père, voici le pain	Dieu notre Père, voici le pain			Dieu notre Père, voici le pain. Dieu notre Père, voici le vin.  Pour ces offrandes, fruits de la terre, béni sois-tu, Dieu créateur.  Sur cet autel, voici nos vies, vin du Royaume, pain de la vie.  Ostinato / Qu’ils soient pour nous eucharistie					
Dieu nous a tous appelé									
Dieu nous accueille en sa maison	Dieu nous accueille en sa maison		R/ Dieu nous accueille en sa maison, Dieu nous invite à son festin : Jour d'allégresse et jour de joie ! Alléluia !	1. Oh, quelle joie quand on m'a dit : approchons-nous de sa maison Dans la cité du Dieu vivant !	2. Jérusalem, réjouis-toi, car le Seigneur est avec toi : Pour ton bonheur, il t’a choisie !	3.Criez de joie pour notre Dieu, chantez pour lui, car il est bon, car éternel est son amour !	4. Avec Jésus, nous étions morts ; avec Jésus, nous revivons, Nous avons part à sa clarté.  5. Approchons-nous de ce repas où Dieu convie tous ses enfants, Mangeons le Pain qui donne vie.  6. « Si tu savais le Don de Dieu », si tu croyais en son amour, Tu n’aurais plus de peur en toi.  7. Que Jésus-Christ nous garde tous dans l’unité d’un même Corps, Nous qui mangeons le même Pain.  8. Soyons témoins de son Esprit ! Que disparaisse toute peur ! Montrons au monde notre foi !		
Dieu règne	Dieu règne	1. Dieu règne! Peuples criez d’allégresse, Alléluia La vie a vaincu la mort, la croix a vaincu l’enfer !	R/ ALLÉLUIA! ALLÉLUIA! ALLÉLUIA! CHRIST LOUANGE À TOI !		4. C’est la merveille que le Seigneur fit pour nous, Béni soit son nom! Alléluia ! Christ Jésus, amour suprême du monde !		2. Voici le jour du Seigneur, jour de joie, Alléluia La vie a vaincu la mort, la croix a vaincu l’enfer !  3. Que cette pierre, que méprisait l’ennemi, Devienne aujourd’hui, Alléluia ! Christ Jésus, amour suprême du monde !  4. C’est la merveille que le Seigneur fit pour nous, Béni soit son nom! Alléluia ! Christ Jésus, amour suprême du monde !  5. Toi qui nourris de ta chair Tous ceux que tu as rachetés, Alléluia ! Qui enrichis nos lèvres de ton sang vermeil !  6. Accordes nous, ô Seigneur, Les joies d’une Pâque éternelle, Alléluia ! Qui enrichis nos lèvres de ton sang vermeil !		
Dona Nobis Pacem dit de Mozart	Dona Nobis Pacem								
Douce nuit	Douce nuit			1. Douce nuit, sainte nuit ! Dans les cieux, l’astre luit. Le mystère annoncé s’accomplit. Cet enfant sur la paille endormi, C’est l’amour infini ! (bis)	2- C’est vers nous qu’il accourt, en un don sans retour, De ce monde ignorant de l’amour où commence aujourd’hui son séjour, Qu’il soit Roi pour toujours ! (bis)	3. Paix à tous ! Gloire au ciel ! Gloire au sein maternel, Qui pour nous en ce jour de Noël, enfanta le Sauveur éternel Qu’attendait Israël ! (bis)			
Ecoute	Ecoute			1. Ecoute, Entends la voix de Dieu A celui qui a soif, Il vient se révéler Ecoute, Que tout en toi se taise, Que tout en toi s’apaise Et que parle ton Dieu.	2. Ecoute, Laisse là ton souci Que se taisent les mots Que s’éloignent les cris Ecoute Dieu sème sans compter Sa parole est le pain Qui vient nous rassasier  4. Ecoute Dieu passe près de toi Dans la brise légère Dans le vent de l’Esprit Ecoute Tu es aimé de Dieu Tu es choisi de Dieu Il veut pour toi la Vie	3. Ecoute Dieu t'invite au désert Au silence du coeur A la source sans fin Ecoute Il se tient à la porte Il frappe et bienheureux Celui qui ouvrira			
Écoute la voix du Seigneur	Écoute la voix du Seigneur		R/ TOI QUI AIMES LA VIE, O TOI QUI VEUX LE BONHEUR, REPONDS EN FIDELE OUVRIER DE SA TRES DOUCE VOLONTE. REPONDS EN FIDELE OUVRIER DE L’EVANGILE ET DE SA PAIX.	1. Ecoute la voix du Seigneur, Prête l’oreille de ton coeur. Qui que tu sois Ton Dieu t’appelle, qui que tu sois, Il est ton Père.	2. Ecoute la voix du Seigneur, Prête l’oreille de ton coeur. Tu entendras Que Dieu fait grâce, Tu entendras L'Esprit d’audace.	3. Ecoute la voix du Seigneur, Prête l’oreille de ton coeur. Tu entendras Crier les pauvres, Tu entendras Gémir ce monde.	4. Ecoute la voix du Seigneur, Prête l’oreille de ton coeur. Tu entendras Grandir l’Eglise, Tu entendras Sa paix promise. 5. Ecoute la voix du Seigneur, Prête l’oreille de ton coeur. Qui que tu sois, Fais-toi violence, Qui que tu sois, Rejoins ton frère.		
En marchant vers toi Seigneur	En marchant vers Toi, Seigneur		R/ En marchant vers toi, Seigneur, Notre coeur est plein de joie : Ta lumière nous conduit vers le Père Dans l'Esprit, au royaume de la vie.	1. Par ce pain que nous mangeons Pain des pauvres, pain des forts Tu restaures notre corps Tu apaises notre faim Jusqu'au jour de ton retour. R/	2. Par ce pain que nous mangeons Pain des anges, pain du ciel Tu nourris nos corps mortels Tu nous ouvres le banquet Qui n'aura jamais de fin. R/	3. Par ce pain que nous mangeons Pain unique, pain rompu Tu rassembles les croyants Peuple saint de baptisés Appelés à l'unité. R/	4. Par ce vin que nous buvons Joie de l'homme, joie de Dieu Ton alliance est révélée. Au royaume des vivants Nous boirons le vin nouveau ! 5. Par ce vin que nous buvons Source vive de l'amour, Nous restons en communion Avec Dieu vivant et vrai Père, Fils et Saint-Esprit. R/		
Esprit de Lumière - Communauté de l'Emmanuel	Esprit de lumière, Esprit créateur	1. Viens, Esprit du Dieu vivant, Renouvelle tes enfants, Viens, Esprit Saint, nous brûler de ton feu ! Dans nos cœurs, répands tes dons, Sur nos lèvres, inspire un chant, Viens, Esprit Saint, viens transformer nos vies !	R/ Esprit de lumière, Esprit créateur, Restaure en nous la joie, le feu, l’espérance. Affermis nos âmes, ranime nos cœurs, Pour témoigner de ton amour immense.		2. Fortifie nos corps blessés, Lave-nous de tout péché, Viens, Esprit Saint, nous brûler de ton feu ! Fais-nous rechercher la paix, Désirer la sainteté, Viens, Esprit Saint, viens transformer nos vies !	Pont : Veni Sancte Spiritus Veni Sancte Spiritus (bis)  3. Donne-nous la charité Pour aimer en vérité, Viens, Esprit Saint, nous brûler de ton feu ! Nous accueillons ta clarté Pour grandir en liberté, Viens, Esprit Saint, viens transformer nos vies !			
Esprit de Pentecôte, souffle de Dieu	Esprit de pentecôte, souffle de Dieu		R/ Esprit de Pentecôte, Souffle de Dieu, Vois ton Église aujourd'hui rassemblée, Esprit de Pentecôte, Souffle d´amour, Emporte-nous dans ton élan, Emporte-nous dans ton élan.	1. Peuple de Dieu nourri de sa Parole, Peuple de Dieu vivant de l'Évangile, Peuple de Dieu se partageant le pain, Peuple de Dieu devenu Corps du Christ.	2. Peuple de Dieu aux écoutes du monde, Peuple de Dieu partageant ses combats Peuple de Dieu solidaire des hommes, Peuple de Dieu assoiffé de justice.	3. Peuple de Dieu engagé dans l´histoire, Peuple de Dieu témoin de son Royaume, Peuple de Dieu portant l´espoir des hommes, Peuple de Dieu bâtissant l´avenir.			
Exultet Qu’éclate dans le ciel									
Exultet Qu’éclate dans le ciel - Nous te louons, splendeur du Père, Jésus, Fils de Dieu !									
Fais paraître ton jour	Fais paraître ton jour	1. Par la croix du Fils de Dieu, Signe levé qui rassemble les nations, Par le corps de Jésus Christ dans nos prisons, Innocent et torturé, Sur les terres désolées, terres d´exil, Sans printemps, sans amandier.	R/ Fais paraître ton Jour, et le temps de ta grâce, Fais paraître ton Jour : que l'homme soit sauvé !		2. Par la croix du Bien-Aimé, Fleuve de paix où s´abreuve toute vie, Par le corps de Jésus Christ, hurlant nos peurs Dans la nuit des hôpitaux, Sur le monde que tu fis, pour qu'il soit beau, Et nous parle de ton nom.	3. Par la croix du Serviteur, Porche royal où s'avancent les pécheurs, Par le corps de Jésus Christ, nu, outragé, Sous le rire des bourreaux, Sur les foules sans berger et sans espoir Qui ne vont qu'à perdre coeur.	4. Par la croix de l'Homme-Dieu, arbre béni Où s´abritent les oiseaux, Par le corps de Jésus Christ Recrucifié dans nos guerres sans pardon, Sur les peuples de la nuit et du brouillard Que la haine a décimés.  5. Par la croix du vrai pasteur, Alléluia, où l'enfer est désarmé, Par le corps de Jésus Christ, Alléluia, qui appelle avec nos voix, Sur l'Église de ce temps, Alléluia, que l'Esprit vient purifier.  6. Par la croix du Premier-Né, Alléluia, le gibet qui tue la mort, Par le corps de Jésus Christ, Alléluia, la vraie chair de notre chair, Sur la pierre des tombeaux, Alléluia, sur nos tombes à venir.		
Fiez vous en lui	Fiez vous en lui		R/ Fiez vous en lui, ne craignez pas, la paix de Dieu gardera vos coeurs, fiez vous en lui, Alléluia, Alleluia						
Gloire à Dieu dans le ciel, grande paix sur la terre	Gloire à Dieu dans le ciel		R/ GLOIRE A DIEU DANS LE CIEL ! GRANDE PAIX SUR LA TERRE ! GLOIRE A DIEU DANS LE CIEL ! GRANDE PAIX SUR LA TERRE !	1. Nous te louons, nous te bénissons, nous t’adorons, Nous te glorifions, nous te rendons grâce pour ton immense gloire !	2. Seigneur Dieu, le Roi du ciel, le Père tout-puissant ! Seigneur Dieu, Agneau de Dieu, le Fils du Père !	3. Le seul Saint, le seul Seigneur, le seul Très Haut ! Jésus-Chrsit, avec l'esprit, dans la gloire du Père !			
Gloire à toi, ô Dieu	Gloire à toi, ô Dieu	1. Père des Cieux, Père infiniment bon, Tu combles tes enfants de tes dons. Tu nous as faits, et nous t’offrons nos cœurs, Nous te bénissons, nous croyons en toi, Seigneur !	R/ Gloire à toi, ô Dieu, notre Père, Gloire à toi, Jésus-Christ venu nous sauver. Gloire à toi, Esprit de lumière, Trinité Bienheureuse, honneur et gloire à toi !		2. Jésus Sauveur, et Fils du Dieu vivant, Que s’élève vers toi notre chant. Ton cœur ouvert nous donne à contempler L’amour infini dont le Père nous a aimés.	3. Esprit de Dieu, Esprit de sainteté, Tu nous conduis à la vérité. Descends sur nous éclairer nos chemins, Sois le maître en nous, et fais de nous des témoins.			
Glorious - Alléluia hé	Alléluia hé		R/ Alléluia hé Alléluia hé hé hé Alléluia hé Alléluia hé hé hé	Louons le seigneur allélu alléluia alléluia hé hé hé hé hé Louons le seigneur allélu alléluia alléluia hé hé hé hé hé					
Glorious - Ave Maria	Ave Maria	Je te salue Marie comblée de grâce Le Seigneur est avec toi Tu es bénie Marie entre toutes les femmes Et Jésus, le fruit de tes entrailles est béni  Sainte Marie, Mère de Dieu Oh prie pour nous, pauvres pécheurs Dès maintenant et jusqu’à l’heure De notre mort AMEN  Ave Maria (x9)							Je te salue Marie; 2, 1,
Glorious - je t'offrirai	Je t'offrirai	1. Je t'offrirai le plus beau des parfums							
 Ma louange et mon coeur entre tes mains									
 Je marcherai dans ta fidélité									
 Mon coeur est prêt, mon Dieu, mon coeur est prêt									
 Ta grâce et ton amour me guideront									
 Je te suivrai malgré l'obscurité									
 Mon coeur est prêt, mon Dieu, mon coeur est prêt									
Glorious - Notre Père									
Glorious - Viens Esprit Saint - Séquence de Pentecôte	Viens Esprit Saint		R/ Viens, Esprit Saint, en nos coeurs, Et envoie du haut du ciel, un rayon de Ta lumière. (bis)						
Goutez et voyez	Goûtez et voyez, comme est bon le Seigneur		R/ Goûtez et voyez comme est bon le Seigneur, La table vous est servie, recevez le pain de vie	1. Le Seigneur est tendresse et pardon, Que vos coeurs et vos chants le célèbrent ! Bénissez le Seigneur en tout temps, Sa louange sans cesse à vos lèvres.	2. Tressaillez ! Le Seigneur vous attend, Il entend ses enfants qui l’appellent. Suppliez le Seigneur en tout temps, Rien ne manque à tous ceux qui le cherchent.	3. Au désert, il vous ouvre un torrent, Il envoie sa Parole sur terre. Écoutez le Seigneur en tout temps, La fraîcheur de son puits désaltère.	4. Exaltez tous ensemble son Nom, Tous ensemble chantons ses merveilles. Proclamez le Seigneur en tout temps, Sa Parole au matin vous réveille. 5. Il vous donne la fleur du froment, Il vous offre le pain de lumière. Recevez le Seigneur en tout temps, Et la paix gagnera les frontières. 6. Accueillez le Soleil des vivants, Jésus-Christ vous revêt de sa gloire. Rayonnez le Seigneur en tout temps, Sa clarté transfigure l’histoire.		
Heureux celui	Heureux celui	1. Heureux celui que le maître, en arrivant, Trouvera debout, éveillé et vigilant !	R/ Demeurez prêts, Veillez et priez Jusqu'au jour de Dieu.		2. Heureux celui que l'époux, en pleine nuit, Trouvera muni d'une lampe bien remplie !	3. Heureux celui que le roi, dès son entrée, Trouvera vêtu de la robe d'invité !	4. Heureux celui que le père, à la moisson, Trouvera chargé au centuple de ses dons ! 5. Heureux celui que le Christ, à son retour, Trouvera joyeux au service de l'Amour !		
Hosanna, béni soit celui qui vient. Chant de l’Emmanuel	Hosanna, béni soit celui qui vient		R Hosanna, hosanna, Béni soit celui qui vient nous sauver. Hosanna, hosanna, Béni soit ton Nom, Ô Roi des nations.  Soliste : 1. Maître de tout, à toi la richesse, À toi, ô Seigneur, les peuples et la terre. Tu l´as fondée sur les océans, Inébranlable, Ô Dieu, tu la gardes.  2. Qui gravira ta sainte montagne ? Qui pourra tenir, Seigneur, devant toi ? Devant ta face, il jubilera L´homme au cœur pur, aux mains innocentes.  3. Vois tes enfants, regarde ton peuple, Tous ceux qui te cherchent, sont devant toi. Ils obtiendront la bénédiction Et la justice en ton nom, Dieu Sauveur.  4. Élevez-vous, portes éternelles, Levez vos frontons, portes du ciel ! C´est le Seigneur, le Fort, le Vaillant, Qu´il entre aujourd´hui le Roi de Gloire !  5. C´est le Seigneur, Dieu de l´univers ! Voici le Seigneur, Maître de tout. Élevez-vous, portes éternelles, Qu´il entre aujourd´hui le Roi de Gloire !						
Humblement, dans le silence	Humblement dans le silence		R/ Humblement, dans le silence de mon cœur, je me donne à toi, mon Seigneur.	1. Par ton amour, fais-moi demeurer humble et petit devant toi.	2. Enseigne-moi ta sagesse, Ô Dieu, viens habiter mon silence.	3. Entre tes mains, je remets ma vie, ma volonté, tout mon être.	4. Je porte en moi ce besoin d’amour, de me donner, de me livrer, sans retour. 5. Vierge Marie, garde mon chemin dans l’abandon, la confiance de l’amour.		
Humblement, nous venons à toi 	Humblement, nous venons à toi 		R/ Humblement, nous venons à toi,						
 Nous t’offrons nos vies.									
 Que nos cœurs s’unissent à ta croix.									
 Par ce don, tu nous guéris.									
 Ce pain, ce vin.									
 Transforme-les, Dieu d’amour,									
 Pour que nous vivions.									
 Pauvres et petits.									
 Transforme-nous, Dieu d’amour,									
 Pour que nous vivions.									
Il est né le divin enfant	Il est né le divin enfant		R/ IL EST NÉ, LE DIVIN ENFANT, JOUEZ HAUTBOIS ; RÉSONNEZ MUSETTES ! IL EST NÉ, LE DIVIN ENFANT, CHANTONS TOUS SON AVÈNEMENT.	1. Depuis plus de quatre mille ans, Nous le promettaient les prophètes Depuis plus de quatre mille ans, Nous attendions cet heureux temps.	2. Le Sauveur que le monde attend Pour tout homme est la vraie lumière, Le Sauveur que le monde attend Est clarté pour tous les vivants.	3.  Une étable est son logement Un peu de paille est sa couchette, Une étable est son logement Pour un dieu quel abaissement !	4. Partez, grands rois de l'Orient ! Venez vous unir à nos fêtes Partez, grands rois de l'Orient ! Venez adorer cet enfant !  5. Il veut nos cœurs, il les attend : Il est là pour faire leur conquête Il veut nos cœurs, il les attend : Donnons-les lui donc promptement !  6. O Jésus ! O Roi tout-puissant Tout petit enfant que vous êtes, O Jésus ! O Roi tout-puissant, Régnez sur nous entièrement !		
J'ai vu des fleuves d'eau vive	J’ai vu des fleuves d’eau vive			1. J’ai vu des fleuves d’eau vive, Alléluia, alléluia. Jaillir du côté du temple, Alléluia, alléluia.	2. J’ai vu la source du temple, Alléluia, alléluia. Grandir en un fleuve immense, Alléluia, alléluia.	3. Tous ceux que lave l’eau vive, Alléluia, alléluia. Acclament et chantent ta gloire, Alléluia, alléluia.	4. Ton cœur, Jésus est la source, Alléluia, alléluia. D’où coule l’eau de la grâce, Alléluia, alléluia.		
J'ai vu l'eau vive - Berthier	J'ai vu l'eau vive			1. J’ai vu l’eau vive jaillissant du coeur du Christ, Alléluia ! Alléluia ! Tous ceux que lave cette eau Seront sauvés, et chanteront : Alléluia ! Alléluia ! Alléluia !	2. J’ai vu la source devenir un fleuve immense, Alléluia ! Alléluia ! Les fils de Dieu rassemblés Chantaient leur joie d’être sauvés, Alléluia ! Alléluia ! Alléluia !	3. J’ai vu le temple désormais s’ouvrir à tous, Alléluia ! Alléluia ! Le Christ revient victorieux Montrant la plaie de son côté, Alléluia ! Alléluia ! Alléluia !	4. J’ai vu le Verbe nous donner la paix de Dieu, Alléluia ! Alléluia ! Tous ceux qui croient en son nom Seront sauvés et chanteront : Alléluia ! Alléluia ! Alléluia !		
J'ai vu l'eau vive (Michel Wackenheim)	J'ai vu l'eau vive (Michel Wackenheim)	1. J'ai vu l'eau vive Jaillissant du coeur du Christ, Alléluia, Tous ceux que lave cette eau Seront sauvés, ils chanteront R/	R/ ALLELUIA, ALLELUIA, ALLELUIA. ALLELUIA, ALLELUIA, ALLELUIA.		2. J'ai vu la source Devenir un fleuve immense, Alléluia, Les fils de Dieu rassemblés Chantaient leur joie d'être sauvés R/	3. J'ai vu le temple Désormais s'ouvrir à tous, Alléluia ! Le Christ revient victorieux Montrant la plaie de son côté, R/	4. J'ai vu le Verbe Nous donner la paix de Dieu, Alléluia, Tous ceux qui croient en son nom Seront sauvés et chanteront : R/		
Je n'ai d'autre désir	Je n'ai d'autre désir			1. Je n'ai d'autre désir Que de t'appartenir Etre à toi pour toujours Et livré à l'amour. Je n'ai d'autre désir Que de t'appartenir.	2. Je n'ai d'autre secours Que renaître à l'amour Et soumettre ma vie, Au souffle de l'esprit. Je n'ai d'autre secours Que renaître à l'amour.	3. Je n'ai d'autre espérance Que m'offrir en silence, Au don de ton amour M'offrir jour après jour. Je n'ai d'autre espérance Que m'offrir en silence.	4. Je n'ai d'autre raison Que l'amour de ton nom Mon bonheur est de vivre Ô Jésus pour te suivre. Je n'ai d'autre raison Que l'amour de ton nom.		noir, 2 croches, noir pointé croche, blanche (2 temps), blanche pointée (3 temps)
Je suis dans la joie	Je suis dans la joie		Je suis dans la joie, une joie immense ! Je suis dans l’allégresse, Car mon Dieu m’a libéré. Je suis dans la joie, une joie immense ! Je suis dans l’allégresse Car mon Dieu m’a libéré.	Je chanterai de tout cœur Les merveilles de Jésus, mon Seigneur. Il m’a ôté des ténèbres, Il m’a délivré de tout péché. (bis)	Car mon Dieu est fidèle, Il ne m’abandonne jamais. Je n’ai plus rien à craindre Car mon Dieu m’a libéré. (bis)				
Je t’exalte, Ô Roi mon Dieu	Je t’exalte, Ô Roi mon Dieu		R/ Je t’exalte, ô Roi mon Dieu Je t’exalte ô Roi mon Dieu, je bénis ton nom à jamais, Je veux te bénir chaque jour, louer ton nom toujours et à jamais !	1- Le Seigneur est tendresse et pitié, Il est lent à la colère et plein d’amour, Le Seigneur est bonté envers tous, ses tendresses vont à toutes ses œuvres ! R/	2- Que tes œuvres, Seigneur, te rendent grâce. Que tes amis bénissent ton nom, Qu’ils disent la gloire de ton règne, qu’ils parlent, ô Dieu, de ta prouesse. R/	3- Le Seigneur est vérité en ses paroles, Il est amour en toutes ses œuvres, Il retient tous ceux qui tombent, Il redresse tous ceux qui sont courbés. R/	4- Je veux dire la louange du Seigneur, que toute chair bénisse son saint nom, Maintenant, toujours et à jamais, Alléluia, Alléluia ! R/		
Je veux chanter ton amour, Seigneur	Je veux chanter ton amour, Seigneur		R/ Je veux chanter ton amour, Seigneur, Chaque instant de ma vie. Danser pour toi en chantant ma joie Et glorifier ton Nom.	1. Ton amour pour nous Est plus fort que tout Et tu veux nous donner la vie, Nous embraser par ton Esprit. Gloire à toi !	2. Oui, tu es mon Dieu, Tu es mon Seigneur. Toi seul es mon libérateur, Le rocher sur qui je m’appuie. Gloire à toi !	3. Car tu es fidèle, Tu es toujours là, Tout près de tous ceux qui te cherchent, Tu réponds à ceux qui t’appellent. Gloire à toi !	4. Voici que tu viens Au milieu de nous, Demeurer au cœur de nos vies Pour nous mener droit vers le Père. Gloire à toi !  5. Avec toi, Seigneur, Je n’ai peur de rien. Tu es là sur tous mes chemins. Tu m’apprends à vivre l’amour. Gloire à toi !		
Je veux te louer	Je veux te louer 		R/ Je veux te louer, ô mon Dieu, À ton Nom, élever les mains. Je veux te bénir, t’adorer, te chanter, Ô mon Dieu, éternel est ton amour !	1. Dans le temple très saint de ta gloire, Ô Seigneur, je te contemplerai. Je verrai ta puissance infinie : Ô mon Dieu, éternel est ton amour !	2. Que te rendre, ô Seigneur, mon Sauveur, Pour le bien que tu as fait pour moi ? En tout temps, en tout lieu, je dirai : Ô mon Dieu, éternel est ton amour !	3. Je tiendrai mes promesses envers toi, Devant tous, j’annoncerai ton nom. Que ma vie toute entière te loue : Ô mon Dieu, éternel est ton amour !			
Je viens vers toi, Jésus	Je viens vers toi, Jésus	1. Comme l’argile se laisse faire Entre les mains agiles du potier, Ainsi mon âme se laisse faire, Ainsi mon cœur te cherche, toi, mon Dieu.	R/ Je viens vers toi, Jésus. Je viens vers toi, Jésus. (bis)		2. Comme une terre qui est aride Ainsi mon cœur désire ton eau vive. Tu es la source qui désaltère, Qui croit en toi n’aura plus jamais soif.	3. Comme un veilleur attend l’aurore Ainsi mon âme espère en ta parole. Car ta parole est une lampe, Une lumière allumée sur mes pas.			
Je voudrais marcher	Je voudrais marcher		R/ Je voudrais marcher aux côtés de mon Seigneur, Sur le chemin, qui mène à Dieu. Rien ne pourra m'empêcher, j'irai jusqu'au bout.	1. C'est le chemin de la joie, C'est le chemin du Seigneur, Ne voudrais-tu pas y marcher toi aussi ?	2. C'est le chemin de la paix... C'est le chemin du Seigneur, Ne voudrais-tu pas y marcher toi aussi ?	3. C'est le chemin de l'amour... C'est le chemin du Seigneur, Ne voudrais-tu pas y marcher toi aussi ?	4. C'est le chemin de la vie... C'est le chemin du Seigneur, Ne voudrais-tu pas y marcher toi aussi ?		
Je vous salue Marie Angelus	Je vous salue Marie			Je vous salue, Marie, comblée de grâce. Le Seigneur est avec vous. Vous êtes bénie entre toutes les femmes, Et Jésus, votre enfant, est béni. Sainte Marie, Mère de Dieu, Priez pour nous, pauvres pécheurs, Maintenant et à l’heure de notre mort. Amen Amen Alléluia					
Jésus-Christ l'Emmanuel	Jésus-Christ, l’Emmanuel		R/ Jésus-Christ l’Emmanuel Dieu lumière de Noël Jésus-Christ l’Emmanuel Gloire à Dieu et paix sur terre.	1. Toi, le Fils du Dieu vivant Tu t’es fait petit enfant Jésus-Christ l’Emmanuel Dieu lumière de Noël.	2. Venez adorons-le le christ est né pour nous Venez adorons-le il est né parmi nous. Vainqueur de nos ténèbres tu viens sauver ton peuple Dieu de paix parmi les hommes tu te fais notre espérance Venez adorons-le le christ est né pour nous.	3. Comme les anges et les bergers Nous venons nous prosterner Jésus-Christ l’Emmanuel Dieu lumière de Noël.			
Jésus, berger de toute humanité	Jésus, berger de toute humanité	1. Jésus, Berger de toute humanité, Tu es venu chercher ceux qui étaient perdus.	R/ Prends pitié de nous, fais-nous revenir, Fais-nous revenir à toi ! Prends pitié de nous !		2. Jésus, Berger de toute humanité, Tu es venu guérir ceux qui étaient malades.	3. Jésus, Berger de toute humanité, Tu es venu sauver ceux qui étaient pécheurs.			
Jésus, me voici devant toi	Jésus, me voici devant Toi		R.Jésus me voici devant toi tout simplement dans le silence. Rien n’est plus important pour moi que d’habiter en ta présence.	1- Avec des larmes dans les yeux ou plein de joie sur le visage Des projets fous ou dangereux le cœur qui recherche un rivage.	2- Avec l’orage ou le ciel bleu avec ce monde et ses naufrages Ceux qui te prient ou bien tous ceux qui restent sourds à ton message.	3- Quand viendra-t-il ton jour, mon Dieu, où j’apercevrai ton visage Tu seras là, c’est merveilleux les bras ouverts sur mon passage.			
Jésus, mon Roi	Jésus, mon Roi		R/ Jésus, mon Roi ! Jésus, ma joie ! Jésus, tu es là, viens à moi !	1. Cœur plein d’amour et plein de douceur, Cœur plein de paix et plein de tendresse, Cœur se penchant sur notre misère, Pour nous offrir sur la croix à notre Père.	2. Cœur bienveillant et plein de bonté, Cœur pur et fort, plein de charité, Cœur embrassant toutes nos douleurs, Pour les offrir sur la croix à notre Père.	3. Cœur glorieux et cœur plein de feu, Cœur d’où jaillit la source de vie, Cœur amoureux nous ouvrant le ciel, Pour nous offrir dans la gloire à notre Père.			
Jésus, toi qui as promis	Jésus, toi qui as promis	1. Jésus, Toi qui a promis d’envoyer l’Esprit à ceux qui te prient,	R/ Ô Dieu, pour porter au monde ton feu, voici l’offrande de nos vies		2. Jésus, Toi qui accomplis le Don de l’Esprit, en donnant ta vie,	3. Jésus, Toi qui multiplies les fruits de l’Esprit, jusqu’à l’infini,			
Jour du vivant	Jour du vivant			1. Jour du Vivant, pour notre terre! Alléluia, Alléluia! (bis) Le fruit que Dieu bénit, mûrit en lumière: soleil déchirant la nuit! Alléluia, Alléluia, Alléluia, Alléluia!	2. Jour du Vivant, sur notre histoire! Alléluia, Alléluia! (bis) Le corps hier meurtri, rayonne sa gloire: l'amour a brisé la mort! Alléluia, Alléluia, Alléluia, Alléluia!	3. Jour du Vivant, sur tout exode! Alléluia, Alléluia! (bis) De l'eau et de l'Esprit renaissent les hommes: chacun porte un nom nouveau. Alléluia, Alléluia, Alléluia, Alléluia!	4. Jour du Vivant, si loin si proche! Alléluia, Alléluia! (bis) Le vin nous est servi, prémices des noces: la joie du royaume vient! Alléluia, Alléluia, Alléluia, Alléluia!   5. Jour du Vivant, offert au souffle! Alléluia, Alléluia! (bis) Le feu soudain a pris, créant mille sources: le monde rend grâce à Dieu! Alléluia, Alléluia, Alléluia, Alléluia!		
Joyeuse lumière	Joyeuse lumière		R/ JOYEUSE LUMIÈRE, SPLENDEUR ÉTERNELLE DU PÈRE, SAINT ET BIENHEUREUX JÉSUS-CHRIST !	1. Venant au coucher du soleil, contemplant la lumière du soir, Nous chantons le Père et le Fils, et le Saint Esprit de Dieu.	2. Digne es-Tu en tout temps d’être loué, par de saintes voix, Fils de Dieu qui donnas la vie, et le monde Te glorifie.	3. Nous te chantons ressuscité, Toi qui surgis des ténèbres du tombeau, Étoile du matin, qui devances l’aurore, dont l’éclat resplendit jusqu’au monde nouveau.	4. Reste avec nous, Seigneur, car déjà le jour baisse, Illumine nos yeux, au soir de cette Pâque, Toi la lumière qui ne connaît pas de couchant. 5. En célébrant ainsi ta gloire, nous chantons l’Amour du Père, Dans la Lumière de l’Esprit, sceau brûlant qui vous unit. 6. Que ma prière vers Toi, Seigneur, s’élève comme l’encens, Et mes mains devant Toi, comme l’offrande du soir.		
Joyeux anniversaire									
Jubilez criez de joie	Jubilez criez de joie		R/ Jubilez, criez de joie! Acclamez le Dieu trois fois Saint Venez le prier dans la paix, témoigner de son amour Jubilez, criez de joie pour Dieu, notre Dieu	1. Louez le Dieu de lumière. Il nous arrache aux ténèbres Devenez en sa clarté Des enfants de la lumière	2. Ouvrez-vous, ouvrez vos coeurs Au Dieu de miséricorde				
 Laissez-vous réconcilier, Laissez-vous transfigurer									
 Demeurez en son Amour Il vous comblera de Lui									
Jubilez, chantez	Jubilez, chantez		R/ Jubilez, chantez, familiers du Seigneur, Ses fidèles et bons serviteurs. Habitez dans la maison du Père, entrez dans sa joie ! Bienheureux les invités de Dieu, vos noms sont dans les cieux.	1. Entonnez vos hymnes de fête, et que votre joie soit parfaite. Dites à ceux qui craignent : « Voyez, proche est son règne ! » R/	2. Dans son temple, une eau purifiante, source vive, en vous jaillissante, Comme un fleuve immense, ruisselle l’abondance. R/	3. Écoutez et prêtez l’oreille, entendez sa voix, ses merveilles, Comme une onde pure, s’écoule un doux murmure. R/			
L'amour a fait les premiers pas	L'amour a fait les premiers pas			1. L´amour a fait les premiers pas, L'amour a préparé la noce. Les invités ne viennent pas. L'amour a fait les premiers pas. Les places vides sont offertes A ceux que l´on n'attendait pas, L'amour a fait les premiers pas. Il nous adresse la parole, Il nous invite à son repas, L'amour a fait les premiers pas, L'amour a fait les premiers pas.	2. L'amour a pris la liberté De négliger les convenances. Il s´est chargé de l'étranger. L'amour a pris la liberté. Il laisse les brebis fidèles Pour celle qui s'est égarée. L'amour a pris la liberté. Il attendait l´enfant prodigue. Il nous invite à le fêter. L´amour a pris la liberté, L´amour a pris la liberté.	3. L'amour efface le passé. Aucun n´osa jeter la pierre. Et tous les yeux se sont baissés. L´amour efface le passé. Il a vu l'homme dans sa lèpre. Il n´a pas peur de l'embrasser. L'amour efface le passé. Il nous redonne une autre chance, Il nous invite à pardonner. L´amour efface le passé, L´amour efface le passé.			
L'amour jamais ne passera	L'amour jamais ne passera		R/ L'amour jamais ne passera, L'amour demeurera, L'amour, l'amour seul, La charité jamais ne passera, Car Dieu est amour.	1. Quand j’aurais le don de la science, Et connaîtrais tous les mystères, Parlerais-je les langues des anges, Sans amour, je ne suis rien.	2. Si je donnais mes biens en aumône, Si je livrais mon corps aux flammes. Si ma foi déplaçait les montagnes, Sans amour, je ne suis rien.	3. La charité est toujours longanime, Ne tient pas compte du mal. La charité se donne sans cesse, Ne cherche pas son avantage.	4. La charité ne jalouse personne, La charité jamais ne s’irrite. En tout temps elle excuse et espère, La charité supporte tout.  5. Un jour, les langues vont se taire, Les prophéties disparaîtront, Devant Dieu le Seigneur notre maître, Seul l’amour restera.		
L'Esprit de Dieu repose sur moi	L'Esprit de Dieu repose sur moi		R/ L'ESPRIT DE DIEU REPOSE SUR MOI, L'ESPRIT DE DIEU M'A CONSACRE, L'ESPRIT DE DIEU M'A ENVOYE PROCLAMER LA PAIX, LA JOIE.	1. L'Esprit de Dieu m'a choisi Pour étendre le Règne du Christ parmi les nations, Pour proclamer la Bonne Nouvelle à ses Pauvres. J'exulte de joie en Dieu, mon Sauveur !	2. L'Esprit de Dieu m'a choisi Pour étendre le Règne du Christ parmi les nations, Pour consoler les coeurs accablés de souffrance. J'exulte de joie en Dieu, mon Sauveur ! 	3. L'Esprit de Dieu m'a choisi Pour étendre le Règne du Christ parmi les nations, Pour accueillir le Pauvre qui pleure et qui peine ; J'exulte de joie en Dieu, mon Sauveur !	4. L'Esprit de Dieu m'a choisi Pour étendre le Règne du Christ parmi les nations, Pour annoncer la grâce de la délivrance. J'exulte de joie en Dieu, mon Sauveur ! 5. L'Esprit de Dieu m'a choisi Pour étendre le Règne du Christ parmi les nations, Pour célébrer sa gloire parmi tous les peuples, J'exulte de joie en Dieu, mon Sauveur !		L'esprit de Dieu repose sur moi
La nuit qu’il fut livré									
La paix, elle aura ton visage - Bernard Rey	La paix, elle aura ton visage		R/ La paix, elle aura ton visage, la paix, elle aura tous les âges,  La paix sera toi, sera moi, sera nous,  et la paix sera chacun de nous.	Agneau de Dieu, qui enlève le péché du monde, prends pitié de nous Agneau de Dieu, qui enlève le péché du monde, prends pitié de nous Agneau de Dieu, qui enlève le péché du monde, donne-nous la paix. R/					et la paix sera chacun de nous
La première en chemin	La première en chemin, Marie			"1. La première en chemin, Marie tu nous entraînes A risquer notre ""oui"" aux imprévus de Dieu. Et voici qu'est semé en argile incertaine De notre humanité Jésus-Christ, Fils de Dieu. MARCHE AVEC NOUS, MARIE, SUR NOS CHEMINS DE FOI, ILS SONT CHEMINS VERS DIEU, ILS SONT CHEMINS VERS DIEU."	2. La première en chemin, en hâte tu t'élances, Prophète de Celui qui a pris corps en toi. La parole a surgi, tu es sa résonance Et tu franchis des monts pour en porter la voix. MARCHE AVEC NOUS, MARIE, AUX CHEMINS DE L'ANNONCE, ILS SONT CHEMINS VERS DIEU, ILS SONT CHEMINS VERS DIEU.	3. La première en chemin pour suivre au Golgotha Le Fils de ton amour que tous ont condamné, Tu te tiens là, debout, au plus près de la croix Pour recueillir la vie de son coeur transpercé. MARCHE AVEC NOUS, MARIE, SUR NOS CHEMINS DE CROIX ILS SONT CHEMINS VERS DIEU, ILS SONT CHEMINS VERS DIEU.	4. La première en chemin avec l'Eglise en marche Dès les commencements, tu appelles l'Esprit ! En ce monde aujourd'hui, assure notre marche ; Que grandisse le corps de ton Fils Jésus-Christ ! MARCHE AVEC NOUS, MARIE, AUX CHEMINS DE CE MONDE ILS SONT CHEMINS VERS DIEU, ILS SONT CHEMINS VERS DIEU.		
La Sagesse a bati sa maison	La Sagesse a bati sa maison	La sagesse a bâti sa maison, elle a dressé sa table et mélangé son vin ; elle appelle ses enfants :	R/Venez, mangez de mon pain, et boire le vin, que j’ai préparé pour vous.		1. Ils viendront du levant et du couchant et prendront place à table, au festin du royaume 2. Tu nous offres le pain qui vient du ciel, ton corps est la semence, d’allégresse éternelle. 3. Pain vivant que le Père nous donne, pour célébrer la Pâque, de l’alliance nouvelle. 4. Vin joyeux qui délivre nos âmes de toutes nos tristesses, Sang du Christ tu nous sauves.				
La sagesse a dressé une table	La sagesse a dressé une table		R/ La sagesse a dressé une table						
 Elle invite les hommes au festin									
 Venez au banquet du fils de l'homme									
 Mangez et buvez la Pâque de Dieu									
 Sa louange sans cesse à mes lèvres									
 En Dieu mon âme trouve sa gloire									
 Que les pauvres m'entendent et soient en fête									
 Pour effacer de la terre leur souvenir									
 Mais ses yeux regardent ceux qui l'aiment									
 Il tend l'oreille vers ceux qui l'appellent									
 De la détresse, il les a délivrés									
 Il est proche de ceux qui ont le cœur brisé									
 Il vient sauver ceux dont la vie est déchirée									
Laisserons-nous à notre table	Laisserons-nous à notre table		R/ Ne laissons pas mourir la terre, Ne laissons pas mourir le feu. Tendons nos mains vers la lumière, Pour accueillir le don de Dieu, Pour accueillir le don de Dieu.	1. Laisserons-nous à notre table Un peu de place à l'étranger, Trouvera-t-il quand il viendra Un peu de pain et d'amitié ?	2. Laisserons-nous à nos paroles Un peu de temps à l'étranger, Trouvera-t-il quand il viendra Un cœur ouvert pour l'écouter ?	3. Laisserons-nous à notre fête Un pas de danse à l'étranger, Trouvera-t-il quand il viendra Des mains tendues pour l'inviter ?	4. Laisserons-nous à nos fontaines Un peu d'eau vive à l'étranger, Trouvera-t-il quand il viendra Des hommes libres et assoiffés 5. Laisserons-nous à nos églises Un peu d´espace à l´étranger ? Trouvera-t-il quand il viendra Des cœurs de pauvres et d´affamés ?		
Laudate Dominum (Taizé Chant)	Laudate Dominum		R/ Laudate Dominum, Laudate Dominum, Omnes gentes, Alleluia ! Laudate Dominum, Laudate Dominum, Omnes gentes, Alleluia !						
Le Christ est vivant	Le Christ est vivant			1. Le Christ est vivant ! Alléluia ! Il est parmi nous ! Alléluia ! Béni soit son nom dans tout l’univers ! Alléluia ! Alléluia !	2. C’est lui notre joie ! Alléluia ! C’est lui notre espoir ! Alléluia ! C’est lui notre pain, c’est lui notre vie, Alléluia ! Alléluia !	3. Soyons dans la joie ! Alléluia ! Louons le Seigneur ! Alléluia ! Il nous a aimés, il nous a sauvés, Alléluia ! Alléluia !	4. Le Christ est vivant ! Alléluia ! Allons proclamer, Alléluia ! La Bonne Nouvelle à toute nation, Alléluia ! Alléluia !  5. Le Christ était mort ! Alléluia ! Le Christ est vivant ! Alléluia ! Le Christ est présent, le Christ reviendra, Alléluia ! Alléluia !  6. Louange au Seigneur ! Alléluia ! Au Père très bon, Alléluia ! Au Christ, à l’Esprit, aux siècles sans fin ! Alléluia ! Alléluia !		
Le Seigneur est ma lumière	Le Seigneur est ma lumière		R/ Le Seigneur est ma lumière et mon salut, De qui aurais-je crainte ? Le Seigneur est le rempart de ma vie, Devant qui tremblerais-je ?	1. J’ai demandé une chose au Seigneur, La seule que je cherche, Habiter la maison du Seigneur, Tous les jours de ma vie. R/	2. Habiter ta maison, Seigneur, Pour t’admirer en ta beauté. Et m’attacher à ton Église, Seigneur, M’attacher à ton Église, Seigneur. R/	3. J’en suis sûr, je verrai les bontés du Seigneur, Sur la terre des vivants. Espère, sois fort et prends courage, Espère, espère le Seigneur ! R/			
Le seigneur nous a aimé (comme on a jamais aimé)	Le Seigneur nous a aimés	1. Le Seigneur nous a aimés comme on n´a jamais aimé. Il nous guide chaque jour comme une étoile dans la nuit. Quand nous partageons le pain, il nous donne son amour : C´est le pain de l´amitié, le pain de Dieu.	R/ C´est mon corps : prenez et mangez. C´est mon sang : prenez et buvez. Car je suis la vie et je suis l´amour. Ô Seigneur, emporte-nous dans ton amour !		2. Le Seigneur nous a aimés comme on n´a jamais aimé. Un enfant nous est donné dans cette nuit de Bethléem. Les bergers l´ont reconnu et les Mages sont venus : Ils ont vu le Fils de Dieu petit enfant.	3. Le Seigneur nous a aimés comme on n´a jamais aimé. Pour les gens de son village, c´est le fils du charpentier. Il travaille de ses mains comme font tous ses amis : Il connaît le dur labeur de chaque jour.	4. Le Seigneur nous a aimés comme on n´a jamais aimé. Au hasard de ses rencontres par les villes et les cités Il révèle son amour et nous parle de son Père Et chacun retrouve espoir en l´écoutant. 5. Le Seigneur nous a aimés comme on n´a jamais aimé. Son Amour était si grand qu´il en mourut sur une croix. Son Amour était si fort qu´il triompha de la mort. Il sortit de son tombeau libre et vainqueur. 6. Le Seigneur nous a aimés comme on n´a jamais aimé. Il rassemble tous les hommes et les fait vivre de sa vie Et tous les chrétiens du monde sont les membres de son Corps. Rien ne peut les séparer de son Amour.		
Le Seigneur vient, préparez lui le chemin (Jean-Baptiste)	Jean-Baptiste (Celui qui prépare la route)		R/ Le Seigneur vient. (bis) Préparez-lui le chemin. Le Seigneur vient. (bis) Préparez-lui le chemin.	1. Abaissez les collines Et comblez les ravins Déplacez les rochers Qui ferment vos chemins.	2. qui as deux manteaux, toi qui es fortuné Voici venu le temps d’apprendre à partager.	3. Vous qui avez des armes, soldats et policiers, Voici venu le temps de rétablir la paix.	4. Toi qui as le savoir, toi qui es diplômé, C’est pour servir les autres et non les dominer. 5. Spécialistes orgueilleux, vedettes à succès, Vous êtes un arbre mort qui va être coupé. 6. Quittez votre péché, il faut vous convertir, Il faut changer vos coeurs: le Seigneur va venir.		
les anges dans nos campagnes	Les anges dans nos campagnes			1. Les anges dans nos campagnes Ont entonné l’hymne des cieux, Et l’écho de nos montagnes Redit ce chant mélodieux : Gloria in excelsis Deo (Bis)	2. Il est né, le Roi céleste, le Dieu Très-Haut, le seul Sauveur. En lui Dieu se manifeste pour nous donner le vrai bonheur. Gloria in excelsis Deo (Bis)	3. Il apporte à notre monde la paix, ce bien si précieux. Qu’aujourd’hui nos cœurs répondent pour accueillir le don de Dieu. Gloria in excelsis Deo (Bis)	4.Bergers, pour qui cette fête ? Quel est l’objet de tous ces chants ? Quel vainqueur, quelle conquête Mérite ces cris triomphants : Gloria…  5.Ils annoncent la naissance Du libérateur d’Israël Et pleins de reconnaissance Chantent en ce jour solennel : Gloria …  7.Cherchons tous l’heureux village Qui l’a vu naître sous ses toits Offrons-lui le tendre hommage Et de nos cœurs et de nos voix : Gloria …		
Les mains ouvertes	Les mains ouvertes		R/ LES MAINS OUVERTES DEVANT TOI, SEIGNEUR, POUR T’OFFRIR LE MONDE, LES MAINS OUVERTES DEVANT TOI, SEIGNEUR, NOTRE JOIE EST PROFONDE.	1. Garde-nous tout-petits devant ta face, Simples et purs comme un ruisseau. Garde-nous tout-petits devant nos frères Et disponibles comme une eau.	2. Garde-nous tout-petits devant ta face, brûlants d´amour et pleins de joie. Garde-nous tout-petits parmi nos frères, Simples chemins devant leurs pas !	3. Garde-nous tout petits devant Ta Face, Comme la Vierge immaculée ! Garde-nous transparents à tous nos frères, De l'amour qui l'a consumée.			
Levons les yeux	Levons les yeux		R/ Levons les yeux, voici la vraie lumière, Voici le Christ qui nous donne la paix ! Ouvrons nos cœurs à sa miséricorde, Notre Sauveur est au milieu de nous !						
Litanie des saints congolaise	Litanie des Saints congolaise		REFRAIN 1 O, tous les Saints priez pour nous ! O, tous les Saints priez pour nous ! O, O, O !  O Seigneur prends pitié O Christ prends pitié  Sainte Marie, Mère de Dieu Et Joseph, son époux Joachim et Anne Jean-Baptiste le précurseur  Abraham et Moïse Élie et tous les prophètes Et tous nos pères  Témoins de Dieu  Pierre, Paul et André, Jacques et Jean, Thomas et Philippe, Apôtres du Seigneur  Marc, Luc et Matthieu, Marie-Madeleine, Étienne et Barnabé Témoins de la Résurrection,  Ignace d'Antioche et Laurent Perpétue et Félicité, Agnès et Blandine, Martyrs de tous les temps  Irénée et Athanase Ambroise et Augustin Léon et Grégoire, Gardiens de l'unité  Basile de Césarée, Jean Chrysostome, Cyrille et Méthode, Séraphin de Sarov,  Benoît et Martin, Antoine et Bruno, Bernard de Clairvaux, Et tous les moines chercheurs de Dieu,  François et Dominique, Antoine de Padoue, Bonaventure, Thomas d'Aquin  Claire d'Assise Catherine de Sienne Brigitte de Suède, Toutes les consacrées au Seigneur  Ignace de Loyola François Xavier, apôtre de l'Asie François de Sales, et Jeanne de Chantal  Thérèse d'Avila, et Saint Jean de la Croix. Thérèse-de Lisieux, Thérèse-Bénédicte de la Croix,  Vincent de Paul, Bernadette de Lourdes, François-Régis Thérèse Couderc  Jean-Marie Vianney Maximilien Kolbe Jean Bosco  Et Antoine Chevrier  Michel et tous les archanges Devant la face du Seigneur Et tous les saints du Royaume Dans la lumière éternelle   REFRAIN 2 O Seigneur délivre–nous (O Seigneur délivre nous!)  Seigneur délivre–nous De tout mal, de tout péché De la mort éternelle Nous qui sommes pécheurs  Par Ton incarnation Par Ta mort et Ta résurrection Par le don de l'Esprit Saint Par le don de Ton corps  REFRAIN 3 O Seigneur, écoute-nous (O Seigneur écoute nous!)  Seigneur, écoute-nous Daigne garder Ton Église Dans la sainteté A Ton Service  Mets entre les peuples Une paix sincère Daigne nous affermir Comme serviteurs de l'unité  Et ceux que Tu appelles Daigne les bénir Daigne les sanctifier Et les consacrer  O Fils du Dieu vivant ! O Jésus Fils de l'Homme ! O Christ écoute nous ! O Christ exauce-nous !						
Litanies des saints. Gelineau									
Louange à toi, ô Christ	Louange à toi, ô Christ		R/ Louange à toi, ô Christ, Berger de ton Église, Joyeuse et vraie lumière, Tu nous donnes la vie !	1. Toi, l’étoile dans la nuit, Tu rayonnes avec le Père. Par toi, nous avons la vie, Nous voyons la vraie lumière !	2. Que nos chants te glorifient, Qu’ils embrasent notre terre ! Fils de Dieu, tu t’es fait chair Pour nous mener vers le Père !	3. Envoie sur nous ton Esprit, Fais briller sur nous ta face ! Ô Jésus ressuscité, Que nos chants te rendent grâce !	4. Ta splendeur nous a sauvés Des ténèbres éternelles. Donne-nous de proclamer Tes prodiges, tes merveilles !  5. Sois la source de la vie, Sois la rosée de nos âmes ! Que se lève pour chanter Ton Église bienheureuse !		
Louange et gloire à ton nom	Louange et gloire à ton nom	1. Louange et gloire à ton nom, Alléluia, alléluia Seigneur Dieu de l´univers, Alléluia, alléluia !	R/ Gloire à Dieu, gloire à Dieu, Au plus haut des cieux ! (bis)		2. Venez chantons notre Dieu, Alléluia, alléluia, C´est lui notre créateur, Alléluia, alléluia !	3. Pour nous il fit des merveilles, Alléluia, alléluia, Éternel est son amour, Alléluia, alléluia !	4. Je veux chanter pour mon Dieu, Alléluia, alléluia, Tous les jours de ma vie, Alléluia, alléluia !		
Louez Dieu, tous les peuples !	Louez Dieu, tous les peuples !	Soliste : Louez Dieu, tous les peuples ! Tous : Louez Dieu, tous les peuples ! Soliste : Chantez sa grande gloire ! Tous : Chantez sa grande gloire ! Soliste : Oui notre Dieu nous aime ; Son amour est fidèle ! R/	R/ Alléluia ! (x4) 		1. Chantez le Seigneur par des hymnes, Car il a fait des merveilles, Chantez le Seigneur terre entière.	2. Il a révélé sa justice, Il a montré sa victoire Aux peuples de toute la terre.	3. Il s’est rappelé sa Promesse ; Il a montré sa tendresse Envers les enfants de son peuple.  4. Que toute la terre l’acclame ! Qu’elle proclame sa gloire ! Que tout l’univers soit en fête !		Louez Dieu, tous les peuples
Lumière des hommes	Lumière des hommes 		R/ Lumière des hommes ! Nous marchons vers toi. Fils de Dieu ! Tu nous sauveras.	1. Ceux qui te cherchent, Seigneur, Tu les conduis vers la lumière, Toi, la route des égarés.	2. Ceux qui te trouvent, Seigneur, Tu leur promets vie éternelle, Toi, la Pâque des baptisés.	3. Ceux qui te suivent, Seigneur, Tu les nourris de ta parole, Toi, le pain de tes invités.			
Lumière du Christ ! Nous rendons grâce à Dieu ! AELF									
Lumière sur mes pas	Lumière sur mes pas		R/Lumière sur mes pas, lumière en qui je crois, Jésus, fils de Dieu !	1. Si je veux te suivre,					
 Jésus, le Serviteur,									
 S’il me faut descendre									
 Par des sentiers de peur,									
 Comment, Seigneur, ne pas trembler ?									
 Relève-moi, je marcherai !									
 Relève-moi, je marcherai !									
 Malgré mon peu de foi,									
 S’il me faut tout perdre									
 Pour découvrir ta joie,									
 Comment choisir de tout donner ?									
 Libère-moi, j’avancerai !									
 Libère-moi, j’avancerai !									
 Au soir de l’agonie,									
 S’il me faut combattre									
 Le Prince de la nuit,									
 Comment lutter jusqu’à la mort ?									
 Soutiens mon bras, Jésus, Dieu fort !									
 Soutiens mon bras, Jésus, Dieu fort !									
Magnificat de Taizé (canon)	Magnificat de Taizé		Magnificat, Magnificat, Magnificat anima mea Dominum. Magnificat, Magnificat, Magnificat anima mea.						
Marie, douce lumière	Marie, douce lumière	Bénie sois-tu, Marie, Ton visage rayonne de l’Esprit. Sa lumière repose sur toi, Tu restes ferme dans la foi.	R/ Marie, douce lumière, Porte du ciel, temple de l’Esprit, Guide-nous vers Jésus et vers le Père, Mère des pauvres et des tout petits.		Bénie sois-tu, Marie, en ton sein, Tu portes Jésus Christ Le créateur de tout l’univers, Le Dieu du ciel et de la terre.	Bénie sois-tu, Marie, La grâce de Dieu t’a envahie, En toi, le Christ est déjà Sauveur, De tout péché il est vainqueur.	Bénie sois-tu, Marie, Dans tes mains qui sans cesse supplient, Tu portes la douleur du péché, Le corps de Jésus déchiré.  Bénie sois-tu, Marie, Toi, l’icône de l’Eglise qui prie, Pour l’éternité avec tous les saints, Les anges te chantent sans fin.		Guide-nous vers Jésus et vers le Père, Mère des pauvres et des tout petits.
Messe - Trois fois Saint le Seigneur - Santus	Sanctus Trois fois Saint le Seigneur	1. Trois fois Saint le Seigneur, Dieu de l´univers ! Trois fois Saint le Seigneur, le fils de David ! Trois fois Saint le Seigneur qui vient nous sauver ! Il est notre salut, il est notre vie, il est la lumière ! (bis)	R/ Ciel et terre passeront, ses paroles ne passeront pas. (bis) Non, non, non, non, non, ne passeront pas. (bis)		2. Béni soit celui qui vient au nom du Seigneur ! Le ciel et la terre sont remplis de sa gloire ! Hosanna ! Hosanna ! Au plus haut des cieux ! Il est notre salut, il est notre vie, il est la lumière ! (bis)				
"Messe ""Petite Messe"" - Agneau de Dieu"	"Messe ""Petite Messe"""			1. Agneau de Dieu, tu as ouvert le livre, Tu es venu sécher nos larmes, Tu donnes sens à notre vie ! Agneau de Dieu, qui enlève les péchés du monde, Prends pitié de nous	2. Agneau de Dieu, tu rassembles les peuples, Comme les grains sur les collines Viennent se fondre au même pain ! Agneau de Dieu, qui enlève les péchés du monde, Prends pitié de nous	3. Agneau de Dieu, tu nous as rendus libres Et tu nous as donné la vie  Pour mieux nous dire ton amour ! Agneau de Dieu, qui enlève le péché du monde, Donne-nous la paix			
"Messe ""Petite Messe"" - Gloire à Dieu"	"Messe ""Petite Messe"""		R/ GLOIRE A DIEU, PAIX AUX HOMMES, JOIE DU CIEL SUR LA TERRE ! (bis)	1/ Pour tes merveilles, Seigneur Dieu, ton peuple te rend grâce : Ami des hommes sois béni pour ton règne qui vient ! A toi, les chants de fête par ton fils bien aimé, dans l'Esprit.	2/ Sauveur du monde Jésus Christ, écoute nos prières ; Agneau de Dieu, vainqueur du mal, sauve-nous du péché ! Dieu saint, splendeur du Père, Dieu vivant, le Très-Haut, le Seigneur.				2nde fois de : GLOIRE A DIEU PAIX AUX HOMMES JOIE DU CIEL SUR LA TERRE !
"Messe ""Petite Messe"" - Saint le Seigneur"	"Messe ""Petite Messe"""		R/ Hosanna, hosanna, hosanna au plus haut des Cieux (bis)	Saint, saint, saint le Seigneur Dieu de l’univers. Le ciel et la terre sont remplis de ta gloire.	Béni soit celui qui vient au nom du Seigneur !				2nde fois de : Hosanna, hosanna, hosanna au plus haut des Cieux
"Messe ""Petite Messe"" - Seigneur, prends pitié"	"Messe ""Petite Messe"""			Seigneur, prends pitié de nous (ter) Ô Christ, prends pitié de nous (ter) Seigneur, prends pitié de nous (ter)					
"Messe ""Polyphonie pour un avenir"" - Gloire à Dieu - Patrick Richard"	Messe Polyphonie pour un avenir		R/ GLOIRE À DIEU, AU PLUS HAUT DES CIEUX, ET PAIX SUR LA TERRE AUX HOMMES QU'IL AIME! GLOIRE À DIEU, AU PLUS HAUT DES CIEUX, GLOIRE, GLOIRE, GLOIRE À DIEU !	1. Nous te louons, nous te bénissons, Nous t'adorons, nous te glorifions, Et nous te rendons grâce, Pour ton immense gloire.	2. Seigneur Dieu le Père tout-puissant, Seigneur, Fils unique, Jésus Christ, Seigneur, Agneau de Dieu Le Fils du Père.  4.Car toi seul es Saint et Seigneur, Toi seul es le Très-Haut : Jésus Christ, Avec le Saint Esprit Dans la gloire du Père.	3. Toi qui enlèves tous les péchés, Sauve-nous du mal, prends pitié, Assis auprès du Père, Écoute nos prières.			
"Messe ""Que Tes Œuvres sont belles"" - Agneau de Dieu, Agneau vainqueur"	Messe Que Tes Œuvres sont belles		R/ Agneau de Dieu, Agneau vainqueur, Prends pitié de nous, pécheurs ! Agneau de Dieu, Agneau vainqueur, Prends pitié de nous, pécheurs !	1. Heureux qui lave son vêtement dans le sang de l'Agneau : Il aura droit aux fruits de l'arbre de la vie !	2. Heureux qui lave son vêtement dans le sang de l'Agneau : Il franchira les portes de la cité de Dieu !	3. Heureux qui lave son vêtement dans le sang de l'Agneau : Gratuitement il boira l'eau de la vie !			
"Messe ""Que Tes Œuvres sont belles"" Homme au milieu des hommes"	Messe Que Tes Œuvres sont belles			1. Tu sais de quoi nous sommes pétris, Tu te souviens que nous sommes poussière, Jésus, homme au milieu des hommes, Prends pitié de tout homme pécheur (ter).	2. Tu n’agis pas selon nos péchés, Ne nous rends pas en pesant nos offenses, Jésus, homme au milieu des hommes, Prends pitié de tout homme pécheur (ter).	3. Et comme est loin couchant du levant, Tu mets au loin le fardeau de nos fautes, Jésus, homme au milieu des hommes, Prends pitié de tout homme pécheur (ter).			
Messe d'Emmaüs - Kyrié	Messe d'Emmaüs			SEIGNEUR, PRENDS PITIÉ, PRENDS PITIÉ DE NOUS. Ô CHRIST, PRENDS PITIÉ, PRENDS PITIÉ DE NOUS. SEIGNEUR, PRENDS PITIÉ, PRENDS PITIÉ DE NOUS.					
Messe de l'Alliance - Alleluia	Messe de l'Alliance		ALLELUIA, ALLELUIA, ALLELUIA, ALLELUIA, ALLELUIA, ALLELUIA.						
Messe de l'Alliance - Dans ton amour, pitié pour moi	Dans ton amour, pitié pour moi	1. Dans ton amour pitié pour moi, Je suis un homme au coeur blessé. Fais-moi connaître mon péché, Dieu de ma joie ! (bis)	R/ DIEU PLUS GRAND QUE NOTRE COEUR, KYRIE ELEISON! DIEU PLUS GRAND QUE NOTRE COEUR, KYRIE, ELEISON!		2. Dans ton amour tu viens à moi, Jésus mon frère au sang versé. Toi seul pourras me pardonner, Dieu de ma joie ! (bis)	3. Par ton amour entraîne-moi, Sous ton soleil je revivrai. Inonde-moi de ta clarté, Dieu de ma joie ! (bis)			
Messe de l'Alliance - Gloria	Messe de l'Alliance		R/ Gloire à Dieu, notre Père, Gloire à Dieu par l’Esprit. Joie du ciel sur la terre, Paix du Christ en nos vies.	1. Créateur du monde, jeunesse des vivants ! JEUNESSE DES VIVANTS! Tu nous as faits à ton image, Louange à toi dans l’univers ! LOUANGE À TOI DANS L’UNIVERS ! Tes merveilles proclament ton nom. TES MERVEILLES PROCLAMENT TON NOM.	2. Dieu Sauveur du monde, Lumière des vivants ! LUMIÈRE DES VIVANTS ! Tu nous relèves au jour de Pâques, Louange à toi, Ressuscité ! LOUANGE À TOI, RESSUSCITÉ ! Fils de l’homme, avec toi nous chantons. FILS DE L'HOMME, AVEC TOI NOUS CHANTONS.	3. Souffle sur le monde, Sagesse des vivants ! SAGESSE DES VIVANTS ! Tu nous choisis pour ta demeure, Louange à toi qui nous conduis ! LOUANGE À TOI QUI NOUS CONDUIS! D’un seul coeur avec toi nous chantons. D'UN SEUL COEUR AVEC TOI NOUS CHANTONS.			
Messe de la Grâce - Notre Père - Glorious	NOTRE PERE			Notre Père qui es aux cieux, Que Ton nom soit sanctifié. Que ton règne vienne. Que Ta volonté soit faite  Sur la terre comme au ciel. Donne nous aujourd’hui, Notre pain de ce jour Pardonne nous nos offenses Comme nous pardonnons aussi,  A ceux qui nous ont offensés. Ne nous laisse pas entrer en tentation,  Mais délivre nous du mal.  Car c’est à Toi qu’appartiennent Le règne la puissance et la gloire Pour les siècles des siècles Amen  ABBA PERE (x6) ABBA (x2) ABBA PERE (x6) ABBA (x2) ABBA PERE					
Messe de la grâce - Vienne ta grâce	Messe de la grâce - Vienne ta grâce	1. Viens nous abreuver de lumière de bienveillance et de clarté  Ta miséricorde éternelle vient dans nos cœurs tout relever  Et tomberont toutes nos lois quand viendra la gloire des cieux  Et je répondrai dans la Foi Tu es mon Seigneur et mon Dieu	R/ Vienne Ta Grâce en nos misères Et dans la grandeur de Ton nom Viens déposer sur notre terre La douceur de Ta guérison Vienne l'Esprit qui nous libère Et dans la beauté de Ton nom Naît dans le cœur de notre Père L'amour infini du pardon.		2. Quand Ta Parole est prononcée la mort est vaincue par la Vie  Et dans tous nos cœurs délaissés se manifeste Ton Esprit  Que vienne en nos vies le réveil que Ton amour a désiré  Dans la Foi je ne tremble pas car Jésus ma vertu c'est Toi.	3. Pour nous le verbe s'est fait chair parmi nous Il a demeuré  Il vit en nous et nous éclaire Sa grâce en nous s'est déversée  Nos yeux verront ce que ton cœur à chacun de nous veut donner  Que par l'Esprit de notre Père en nous Jésus vienne habiter.			
Messe de la réconciliation - Agnus Dei	Messe de la réconciliation			1. & 2. Agneau de Dieu, qui enlèves le péché du monde, Prends pitié de nous ! Prends pitié de nous !	3. Agneau de Dieu, qui enlèves le péché du monde, Donne-nous la paix Donne-nous la paix				
Messe de la réconciliation - Anamnèse	Messe de la réconciliation			Gloire à Toi qui étais mort, Gloire à Toi qui est vivant, Notre sauveur et notre Dieu, Viens Seigneur Jésus!					
Messe de la réconciliation - Gloria	Messe de la réconciliation		R/ Gloire à Dieu au plus haut des cieux et paix sur la terre aux hommes qu’il aime. Gloire à Dieu au plus haut des cieux, gloire à Dieu, gloire à Dieu	Nous te louons, nous te bénissons, nous t’adorons, nous te glorifions, nous te rendons grâce pour ton immense gloire. Seigneur Dieu, Roi du ciel, Dieu, le Père tout-puissant. R/ Seigneur, Fils unique, Jésus Christ, Seigneur Dieu, Agneau de Dieu, le Fils du Père ; toi qui enlèves les péchés du monde, prends pitié de nous ; R/ toi qui enlèves les péchés du monde, reçois notre prière ; toi qui es assis à la droite du Père, prends pitié de nous. R/ Car toi seul es saint, toi seul es Seigneur, toi seul es le Très-Haut : Jésus-Christ, avec le Saint Esprit, dans la gloire de Dieu le Père. Amen. R/					
Messe de la réconciliation - Kyrié	Messe de la réconciliation			Seigneur, prends pitié. Ô Christ, prends pitié. Seigneur, prends pitié.					
Messe de la réconciliation - Sanctus	Messe de la réconciliation			Saint ! Saint ! Saint, Le Seigneur, Dieu de l’univers ! Le ciel et la terre sont remplis de ta gloire. Hosanna au plus haut des cieux.  Saint ! Saint ! Saint, Le Seigneur, Dieu de l’univers ! Béni soit celui qui vient au nom du Seigneur. Hosanna au plus haut des cieux.					Saint ! Saint ! Saint, Le Seigneur, Dieu de l’univers !
Messe de la Source - Agnus Dei	Messe de la Source - Agnus Dei		1 & 2- Agneau de Dieu qui enlèves les péchés du monde, prends pitié de nous. 3-  Agneau de Dieu qui enlèves les péchés du monde, donne-nous la paix.						
Messe de la Trinité - Agnus Dei	Messe de la Trinité			Agneau de Dieu, envoyé par le Père, Tu nous sauves du péché, Prends pitié de nous, Seigneur, Prends pitié de nous, Seigneur. Agneau de Dieu, emportant notre mort, Tu nous donnes ta vie, Prends pitié de nous, Seigneur, Prends pitié de nous, Seigneur. Agneau de Dieu, dans l’Amour de l’Esprit, Tu apaises notre cœur, Donne-nous la paix, Seigneur, Donne-nous la paix, Seigneur.					
Messe de la Trinité - Kyrie	Messe de la Trinité			Seigneur, prends pitié de nous, Seigneur, prends pitié de nous, Seigneur, prends pitié. O Christ, prends pitié de nous, O Christ, prends pitié de nous, O Christ, prends pitié. Seigneur, prends pitié de nous, Seigneur, prends pitié de nous, Seigneur, prends pitié.					
Messe de la Trinité - Sanctus	Messe de la Trinité		R/ Saint, Saint, Saint le Seigneur, le Dieu de l’univers. (bis)	1. Ciel et terre sont remplis de ta splendeur et de ta gloire. Hosanna au plus haut des cieux ! (bis) 	2. Béni soit celui qui vient au nom du Seigneur. Hosanna au plus haut des cieux ! (bis) 				
Messe de Lourdes - Gloria	Messe de Lourdes		R/ Gloria, gloria, in excelsis Deo ! (bis)	1. Paix sur la terre aux hommes qu’il aime Nous te louons, nous te bénissons, nous t’adorons, Nous te glorifions, nous te rendons grâce pour ton immense gloire, Seigneur Dieu, roi du ciel, Dieu le Père tout-puissant.	2. Seigneur, Fils unique, Jésus-Christ, Seigneur Dieu, Agneau de dieu, le fils du Père ; Toi qui enlèves les péchés du monde, prends pitié de nous ; Toi qui enlèves les péchés du monde, reçois notre prière ; Toi qui es assis à la droite du Père, prends pitié de nous;	3. Car toi seul est Saint, toi seul est Seigneur, Toi seul est le très haut ; Jésus-Christ avec le Saint Esprit Dans la gloire de Dieu le père, AMEN			
Messe de Saint Boniface - Agnus Dei	Messe de Saint Boniface			1. Agnus Dei, Qui tollis peccata mundi, Miserere nobis.	2. Agnus Dei, Qui tollis peccata mundi, Miserere nobis.	3. Agnus Dei, Qui tollis peccata mundi, Dona nobis pacem !			
Messe de Saint Boniface - Alléluia	Messe de Saint Boniface			Alléluia, Alléluia ! (x4)					
Messe de Saint Boniface - Anamnèse	Messe de Saint Boniface			Gloire à toi qui étais mort ! Gloire à toi qui es vivant ! Notre Sauveur et notre Dieu, Viens, Seigneur Jésus !					Gloire à toi qui étais mort !
Messe de Saint Boniface - Gloria	Messe de Saint Boniface		R/ Gloria in excelsis Deo ! Gloria Deo Domino ! Gloria in excelsis Deo ! Gloria Deo Domino !	1. Et paix sur la terre aux hommes qu’il aime. Nous te louons, nous te bénissons, Nous t’adorons, Nous te glorifions, nous te rendons grâce Pour ton immense gloire. Seigneur Dieu, Roi du Ciel, Dieu le Père tout -puissant. Seigneur Fils unique, Jésus Christ, Seigneur Dieu, Agneau de Dieu Le Fils du Père R/	2. Toi qui enlèves les péchés du monde, Prends pitié de nous ; Toi qui enlèves les péchés du monde, Reçois notre prière, Toi qui es assis à la droite du Père, Prends pitié de nous. Car toi seul es Saint, Toi seul es Seigneur, Toi seul es le Très-Haut, Jésus Christ, Avec le Saint Esprit, Dans la gloire de Dieu le Père. Amen. R/				Gloria in excelsis Deo ! Gloria Deo Domino !
Messe de Saint Boniface - Kyrie	Messe de Saint Boniface			Kyrie eleison, Kyrie eleison, Kyrie eleison. Christe eleison, Christe eleison, Christe eleison. Kyrie eleison, Kyrie eleison, Kyrie eleison.					Kyrie eleison
Messe de Saint Boniface - Sanctus	Messe de Saint Boniface			Sanctus, Sanctus, Sanctus ! Deus Sabaoth ! (bis)  Pleni sunt caeli et terra gloria tua. Hosanna in excelsis Deo ! Hosanna in excelsis !  Benedictus qui venit in nomini Domini ! Hosanna in excelsis Deo ! Hosanna in excelsis !					
Messe de Saint Jean - Anamnèse	Messe de Saint Jean			Gloire à toi qui étais mort, Gloire à toi qui es vivant. Notre Sauveur et notre Dieu, viens, Seigneur Jésus !					
Messe de Saint Jean - Kyrié	Messe de Saint Jean			Kyrie eleison, eleison, Kyrie eleison, Kyrie eleison Christe eleison, eleison, Christe eleison, Christe eleison Kyrie eleison, eleison, Kyrie eleison, Kyrie eleison					Kyrie eleison
Messe de Saint Jean - Sanctus	Messe de Saint Jean		R/ Sanctus, Sanctus, Sanctus Dominus Deus Sabaoth, Sanctus, Sanctus, Sanctus Deus Sabaoth	1. Pleni sunt caeli et terra gloria tua. Hosanna, hosanna,hosanna in excelsis. (2x)	2. Benedictus qui venit in nomine Domini Hosanna, hosanna, hosanna in excelsis. (2x)				
Messe de Saint Michel - Alleluia	Messe de Saint Michel			Alléluia					
Messe de St François Xavier - Agnus Dei				1. & 2. Toi l'Agneau de Dieu, qui enlèves le péché du monde, Prends pitié de nous ! Prends pitié de nous !	3. Toi l'Agneau de Dieu, qui enlèves le péché du monde, Donne-nous la paix Donne-nous la paix (bis)				
Messe de St François Xavier - Anamnèse	Messe de Saint François-Xavier		Gloire à toi qui étais mort, Gloire à toi qui est vivant, Notre sauveur et notre Dieu, Viens Seigneur Jésus (bis)						
Messe de St François Xavier - Kyrié	Messe de St François Xavier			1. Pardonne-moi, Seigneur, j’ai renié ton Nom, Pardonne-moi, Seigneur, j’ai quitté ta maison. J’ai voulu posséder sans attendre le don, Pardonne-moi et purifie mon coeur !  Kyrie eleison, Kyrie eleison. (Kyrie!) Kyrie eleison, Kyrie eleison.	2. Pardonne-moi, Seigneur, j’ai suivi d’autres dieux, Pardonne-moi, Seigneur, j’ai détourné les yeux. J’ai choisi loin de toi la richesse et l’honneur, Pardonne-moi et purifie mon coeur !  Christe eleison, Christe eleison. (Christe!) Christe eleison, Christe eleison.	3. Pardonne-moi, Seigneur j’ai n’ai pas su aimer, Pardonne-moi, Seigneur je me suis dérobé. Je ne suis pas resté le gardien de mon frère, Pardonne-moi et purifie mon coeur !  Kyrie eleison, Kyrie eleison. (Kyrie!) Kyrie eleison, Kyrie eleison.			Pardonne-moi, Seigneur, j’ai renié ton Nom, Pardonne-moi, Seigneur, j’ai quitté ta maison.
Messe de St François Xavier - Sanctus	Messe de Saint François Xavier	1. Sanctus (x8)	R/ Saint est le Seigneur (x2) Dieu de l'univers (x2) Saint est le Seigneur (x2) Dieu de l'univers (x2)		2. Le ciel et la terre sont remplis de ta gloire Hosanna, hosanna au plus haut des cieux Le ciel et la terre sont remplis de ta gloire Hosanna, hosanna au plus haut des cieux  4. Sanctus (x9)	3. Béni soit celui qui vient au nom du Seigneur Hosanna, hosanna au plus haut des cieux Béni soit celui qui vient au nom du Seigneur Hosanna, hosanna au plus haut des cieux			
Messe des Pèlerins									
Messe des Pèlerins - Agneau de Dieu, vainqueur de toute mort	Messe des Pèlerins			1. Agneau de Dieu, vainqueur de toute mort, Toi qui enlèves le péché de notre monde, Miserere nobis, prends pitié de nous !	2. Agneau de Dieu, sauveur de toute vie, Toi qui enlèves le péché de notre monde, Miserere nobis, prends pitié de nous !	3. Agneau de Dieu, semeur de liberté, Toi qui enlèves le péché de notre monde, Dona nobis pacem, donne-nous la paix !			
Messe des Pèlerins - Alléluia, bonne nouvelle !	Messe des Pèlerins		R/ ALLÉLUIA, BONNE NOUVELLE, ALLÉLUIA, GLOIRE À NOTRE DIEU ! ALLÉLUIA, BONNE NOUVELLE, LA PAROLE NOUS RÉVEILLE!						
Messe des Pèlerins - Lave-nous, Seigneur de toutes nos fautes	Messe des Pèlerins			1. Lave-nous, Seigneur, de toutes nos fautes, Conduis-nous, Seigneur, à la joie !  KYRIE ELEISON, PRENDS PITIÉ DE NOUS, SEIGNEUR !	2. Donne-nous, Seigneur, les mots de sagesse, Conduis-nous, Seigneur, à la paix !  CHRISTE ELEISON, PRENDS PITIÉ DE NOUS, SEIGNEUR !	3. Montre-nous, Seigneur, ta miséricorde Conduis-nous, Seigneur, à la vie !  KYRIE ELEISON, PRENDS PITIÉ DE NOUS, SEIGNEUR !			
Messe des Pèlerins - Sanctus	Messe des Pèlerins			Saint, saint, saint, le Seigneur Dieu de l'univers ! (bis) Le ciel et la terre sont remplis de ta gloire. Hosanna, Hosanna, Hosanna au plus haut des cieux. Béni soit celui qui vient au nom du Seigneur. Hosanna, Hosanna, Hosanna au plus haut des cieux, Hosanna au plus haut des cieux.					
Messe des Pèlerins - Table dressée sur nos chemins	Messe des Pèlerins		R/ Table dressée sur nos chemins, Pain partag pour notre vie ! Heureux les invités au repas du Seigneur, Heureux les invités au repas de l'amour !	1. Tu es le pain de tout espoir, Pain qui fait vivre tous les hommes ! Tu es le pain de tout espoir, Christ, lumière dans nos nuits !	2.  Tu es le pain d’humanité, Pain qui relève tous les hommes ! Tu es le pain d’humanité, Christ, lumière pour nos pas !	3. Tu es le pain de chaque jour, Pain qui rassemble tous les hommes ! Tu es le pain de chaque jour, Christ, lumière dans nos vies !			
Messe des pèlerins : Ouvrir des chemins d'Évangile	Messe des Pèlerins		Ouvrir des chemins d'évangile, Préparer les chemins du Seigneur, Ouvrir des routes pour nos frères, Partir où l'Esprit nous envoie, Partir où l'Esprit nous conduit !	1. Partir sur des routes nouvelles… Dieu nous appelle à partager le pain, Dieu nous attend pour bâtir son Royaume! Prêtons nos mains pour être ses témoins.	2. Partir, l’Esprit nous renouvelle… Dieu nous appelle à montrer le chemin, Dieu nous attend pour bâtir son Royaume! Offrons nos vies pour être ses témoins.	3. Partir vers la terre nouvelle… Dieu nous appelle au temps de la moisson, Dieu nous attend pour bâtir son Royaume! Ouvrons nos coeurs pour être ses témoins.	4 Partir à la saison nouvelle… Dieu nous appelle ! « Sais-tu le don de Dieu ? » Dieu nous attend pour bâtir son Royaume! Donnons nos vies pour être ses témoins.		
Messe du Bon Berger - Agnus Dei	Messe du Bon Berger		1 & 2- Agneau de Dieu qui enlèves les péchés du monde, prends pitié de nous. 3-  Agneau de Dieu qui enlèves les péchés du monde, donne-nous la paix.						Agneau de Dieu, qui enlèves
Messe du Bon Berger - Kyrié	Messe du Bon Berger		Kyrie, Kyrie eleison, Kyrie eleison, eleison Christe eleison, Christe eleison Kyrie, Kyrie eleison, Kyrie eleison, eleison						Kyrie, Kyrie eleison, Kyrie eleison, eleison
Messe du Bon Berger - Sanctus	Messe du Bon Berger		Saint! Saint! Saint! Le Seigneur, Dieu de l’univers (bis) Le ciel et la terre sont remplis de ta gloire Hosana, au plus haut des cieux (bis) Béni soit celui, qui vient au nom du Seigneur Hosana, au plus haut des cieux (bis) Hosana, Hosana, Hosana						Saint! Saint! Saint! Le Seigneur, Dieu de l’univers
Messe du frat 2017 - Agnus Dei	Messe du Frat 2017			1. & 2. Toi l'Agneau de Dieu qui enlèves le péché du monde Prends pitié de nous, Prends pitié de nous 	3. Toi l'Agneau de Dieu qui enlèves le péché du monde Donne nous la Paix, Donne nous la paix				1.
Messe du frat 2017 - Anamnèse	Messe du Frat 2017			Gloire à toi qui étais mort, Gloire à toi qui es vivant. Notre Sauveur, notre Dieu, viens, Seigneur Jésus !					tout
Messe du frat 2017 - Gloire à Dieu	Messe du Frat 2017		R/ Gloire à Dieu, gloire à Dieu au plus haut des cieux x2 	1.  Et paix sur la terre aux hommes qu'il aime Nous te louons, nous te bénissons Nous t'adorons, nous te glorifions  Nous te rendons grâce pour ton immense gloire -R	2. Seigneur Dieu, roi du ciel, Dieu le Père tout puissant Seigneur, fils unique, Jésus Christ Seigneur Dieu, agneau de Dieu, le fils du Père. - R 	3. Toi qui enlèves le péché du monde, prends pitié de nous Toi qui enlèves le péché du monde, reçois notre prière Toi qui es assis à la droite du Père, prends pitié de nous. - R 	4. Car toi seul es Saint, Toi seul es Seigneur Toi seul es le très haut Jésus Christ, dans l'unité du Saint Esprit Et dans la gloire de Dieu le Père, amen. - R 		Gloire à Dieu, gloire à Dieu au plus haut des cieux
Messe du frat 2017 - Kyrié	Messe du Frat 2017			1 & 3. Prends pitié Seigneur, O Seigneur Prends pitié Prends pitié Seigneur, O Seigneur Prends pitié	2. Prends pitié O Christ, O Christ Prends pitié Prends pitié O Christ, O Christ Prends pitié				
Messe du Partage - Agneau de Dieu	Messe du Partage			Agneau de Dieu, qui enlèves le péché du monde, prends pitié de nous. Agneau de Dieu, qui enlèves le péché du monde, prends pitié de nous. Agneau de Dieu, qui enlèves le péché du monde, donne-nous la paix.					
Messe du Partage - Kyrié	Messe du Partage - Seigneur, prends pitié			De ton peuple rassemblé par ta parole, Seigneur, prends pitié. (bis)	De ton peuple sanctifié par ton Esprit, Ô Christ, prends pitié. (bis)	De ton peuple racheté par ton sang, Seigneur, prends pitié. (bis)			
Messe du peuple de Dieu - Agnus Dei	Messe du Peuple de Dieu			Agneau de Dieu qui enlèves les péchés du monde, prends pitié de nous, prends pitié de nous. Agneau de Dieu qui enlèves les péchés du monde, prends pitié de nous, prends pitié de nous. Agneau de Dieu qui enlèves les péchés du monde, donne-nous la paix, donne-nous la paix.					
Messe du peuple de Dieu - Anamnèse	Messe du Peuple de Dieu			Gloire à Toi qui étais mort, Gloire à Toi qui es vivant, Notre sauveur et notre Dieu, Viens Seigneur Jésus.					
Messe du peuple de Dieu - Gloria	Messe du Peuple de Dieu		R/ Gloire à Dieu, Gloire à Dieu au plus haut des cieux. (Bis)	Et paix sur la terre aux hommes qu’il aime. Nous te louons nous te bénissons, nous t’adorons, Nous te glorifions, nous te rendons grâce, Pour ton immense gloire, Seigneur Dieu, Roi du ciel, Dieu le père tout-puissant. Seigneur, Fils unique, Jésus Christ, Seigneur Dieu, Agneau de Dieu, le Fils du Père ; Toi qui enlèves les péchés du monde, prends pitié de nous ; Toi qui enlèves les péchés du monde, reçois notre prière ; Toi qui es assis à la droite du Père, prends pitié de nous. Car toi seul es saint, toi seul es Seigneur, Toi seul es le Très-Haut : Jésus Christ, avec le Saint-Esprit Dans la gloire de Dieu le Père. Amen					
Messe du peuple de Dieu - Kyrié	Messe du Peuple de Dieu			Kyrie eleison, kyrie eleison,Kyrie eleison, kyrie eleison, Christe eleison, Christe eleison, Christe eleison, Christe eleison Kyrie eleison, kyrie eleison, Kyrie eleison, kyrie eleison					
Messe du peuple de Dieu - Sanctus	Messe du Peuple de Dieu		R/ Saint, Saint, Saint le Seigneur Dieu de l’univers.	Le ciel et la terre sont remplis de ta gloire. Hosanna au plus haut des cieux, Béni soit celui qui vient au nom du Seigneur. Hosanna au plus haut des cieux. R/					Saint, Saint le Seigneur, Dieu de l'Univers
Messe pro Europe - Kyrie	Messe pro Europa			Kyrie eleison, Kyrie eleison. (bis) Christe, Christe, Christe eleison. (bis) Kyrie eleison, Kyrie eleison. (bis)					
Minuit Chrétien	Minuit, chrétiens 			Minuit ! Chrétiens, c'est l'heure solennelle Où l'homme Dieu descendit jusqu'à nous, Pour effacer la tache originelle Et de son père arrêter le courroux : Le monde entier tressaille d'espérance A cette nuit qui lui donne un sauveur. Peuple, à genoux, attends ta délivrance, Noël ! Noël ! Voici le Rédempteur ! (bis)	Le Rédempteur a brisé tout entrave, La terre est libre et le ciel est ouvert. Il voit un frère où n'était qu'un esclave ; L'amour unit ceux qu'enchaînait le fer ; Qui lui dira notre reconnaissance ? C'est pour nous tous qu'il naît, qu'il souffre et meurt : Peuple, debout ! Chante ta délivrance ; Noël ! Noël ! Chantons le Rédempteur ! (bis) 				
Miséricorde insondable	Miséricorde insondable	1. Miséricorde insondable ! Dieu peut-Il tout pardonner ? Absoudre un si grand coupable, Et mes péchés oublier ?	Jésus, je viens ! Je viens à Toi ! Tel que je suis, je viens à Toi ! Jésus, je viens ! Je viens à Toi ! Tel que je suis, prends-moi.		2. Longtemps j'ai, loin de sa face, Provoqué son saint courroux, Fermé mon cœur à sa grâce, Blessé le sien devant tous.	3. O Jésus ! à toi, je cède, Je veux être libéré ; De tout péché qui m'obsède Être à jamais délivré.			
Mon ancre et ma voile	Mon ancre et ma voile	1. Dieu tu es ma force, ma consolation, Une lampe devant mes pas. Ta voix a triomphé de l'ouragan, Remporté le combat.	R/ Tu m'offres chaque jour Ton infaillible amour ; Toi, qui as fixé le cours des étoiles, Sois mon ancre, sois ma voile !		2. Tu étends mes ailes pour toucher les cieux, Protégé par ta main. Ta grâce m'appelle à lever les yeux Et suivre ton chemin.	3. Ta miséricorde coule de la croix, Ton sang m'a racheté. Tout ce que je suis me vient de toi. Sans fin je te louerai.			
Mon Père, je m’abandonne à toi	Mon Père, je m’abandonne à toi	1. Mon Père, mon Père, je m’abandonne à toi, Fais de moi ce qu’il te plaira. Quoi que tu fasses, je te remercie, Je suis prêt à tout, j’accepte tout,	R/ Car tu es mon Père, Je m’abandonne à toi. Car tu es mon Père, Je me confie en toi.		2. Mon Père, mon Père, en toi je me confie, En tes mains, je mets mon esprit. Je te le donne, le cœur plein d’amour. Je n’ai qu’un désir : t’appartenir.				intro musicale, puis silence (2 temps)
Nada te turbe	Nada te turbe		"Nada te turbe, nada te espante; Quien a Dios tiene, nada le falta. Nada te turbe, nada te espante: Sólo Dios basta. ""Que rien ne te trouble, que rien ne t’effraie; Qui a Dieu ne manque de rien. Que rien ne te trouble, que rien ne t’effraie; Dieu seul suffit """						
Ne rentrez pas chez vous comme avant 	Ne rentrez pas chez vous comme avant		R/ NE RENTREZ PAS CHEZ VOUS COMME AVANT NE VIVEZ PAS CHEZ VOUS COMME AVANT CHANGEZ VOS COEURS, CHASSEZ VOS PEURS VIVEZ EN HOMMES NOUVEAUX !	1. A quoi bon les mots, si l’on n’entend pas, A quoi bon les phrases, si l’on n’écoute pas A quoi bon la joie, si l’on ne partage pas A quoi bon la vie, si l’on n’aime pas ?	2. Pourquoi une chanson, si l’on ne chante pas, Pourquoi l’espérance, si l’on n’y croit pas, Pourquoi l’amitié, si l’on n’accueille pas, Pourquoi dire l’amour, si l’on agit pas ?				
Noël Jazz	Noël Jazz	1. Noël c’est comme un rythme de jazz Ça commence tout doucement On n’entend que la contrebasse Comme le cœur d’un petit enfant.	R/ Et sur ce rythme-là Noël ! Chantez tous avec moi Noël ! Chantez tout bas, tout bas Noël ! Chantez Noël tous avec moi !		2. Noël, se voit sur tous les visages On attend tous impatiemment La venue du vieux personnage Espérée par tous les enfants.	3. Noël, c’est douze instruments qui sonnent Le piano marque tous les temps Les timbales vibrent et résonnent Les enfants chantent bruyamment.			
Nous recevons le même pain	Nous recevons le même pain		R / Nous recevons le même pain, nous buvons à la même coupe, Afin de devenir celui qui nous unit : le Corps du Christ. 	1. Heureux l'homme qui laissera  S'ouvrir la porte de son cœur,  Il entrera le Roi de gloire  Et siègera auprès de lui.	2. Heureux qui se déclarera  Pour Dieu à la face des hommes,  Il trouvera au dernier jour  Un défenseur auprès du Père.	3. Heureux l'homme qui aimera  Son frère au nom de l'Évangile  Il recevra l'amour puissant  De Jésus Christ vainqueur du mal.  	4. Heureux qui saura préférer  Celui qui sera tout en tous,  Il amasse dès ici-bas  Un trésor précieux dans le ciel.  		
Nous t’avons reconnu Seigneur									
Ouvre mes yeux Seigneur	Ouvre mes yeux, Seigneur			1. Ouvre mes yeux, Seigneur Aux merveilles de Ton Amour Je suis l'aveugle sur le chemin Guéris-moi, je veux te voir, Guéris-moi, je veux te voir	2. Ouvre mes mains, Seigneur Qui se ferment pour tout garder Le pauvre a faim devant ma maison Apprends-moi à partager, Apprends-moi à partager.	3. Fais que je marche, Seigneur Aussi dur que soit le chemin Je veux te suivre jusqu'à la croix Viens me prendre par la main, Viens me prendre par la main.			
Peuple de Dieu, marche joyeux	Peuple de Dieu, marche joyeux		R/ Peuple de Dieu, marche joyeux,						
 Alléluia ! Alléluia !									
 Peuple de Dieu, marche joyeux,									
 Car le Seigneur est avec toi.									
Peuple de frères, peuple du partage	Peuple de frères, peuple du partage	1. Dans la nuit se lèvera une lumière, L'espérance habite la terre : La terre où germera le salut de Dieu ! Dans la nuit se lèvera une lumière, Notre Dieu réveille son peuple.	R/ Peuple de frères, peuple du partage, Porte l'Évangile et la paix de Dieu. Peuple de frères, peuple du partage, Porte l'Évangile et la paix de Dieu.		2. L'amitié désarmera toutes nos guerres, L'espérance habite la terre : La terre où germera le salut de Dieu ! L'amitié désarmera toutes nos guerres, Notre Dieu pardonne à son peuple.	3. La tendresse fleurira sur nos frontières, L'espérance habite la terre : La terre où germera le salut de Dieu ! La tendresse fleurira sur nos frontières, Notre Dieu se donne à son peuple.	4. Un soleil se lèvera sur nos calvaires, L'espérance habite la terre : La terre où germera le salut de Dieu ! Un soleil se lèvera sur nos calvaires, Notre Dieu fait vivre son peuple.		
Peuple de l'alliance	Peuple de l'alliance			1. Peuple de l´Alliance, ton Dieu te fait signe. Peuple de l´Alliance, ton Dieu te fait signe. Marche à la suite de Jésus ! Va crier son nom Sur les chemins du monde. Sur les chemins du monde.	2. Peuple de l´Alliance, ton Dieu te réveille. Peuple de l´Alliance, ton Dieu te réveille. Passe la mer avec Jésus ! Va creuser ta soif Dans les déserts du monde. Dans les déserts du monde.  4. Peuple de l´Alliance, ton Dieu te libère. Peuple de l´Alliance, ton Dieu te libère. Porte ta croix avec Jésus ! Va planter la paix Aux carrefours du monde. Aux carrefours du monde.	3. Peuple de l´Alliance, ton Dieu te pardonne. Peuple de l´Alliance, ton Dieu te pardonne. Prends la lumière de Jésus ! Va semer l´amour Dans les hivers du monde. Dans les hivers du monde.	5. Peuple de l´Alliance, ton Dieu t´illumine. Peuple de l´Alliance, ton Dieu t´illumine. Passe la mort avec Jésus ! Va danser la vie Sur les tombeaux du monde. Sur les tombeaux du monde. 6. Peuple de l´Alliance, ton Dieu est ta force. Peuple de l´Alliance, ton Dieu est ta force. Ouvre tes portes avec Jésus ! Tu vivras d´Esprit Aux quatre vents du monde. Aux quatre vents du monde.		
Peuple de lumière	Peuple de lumière		R/ Peuple de lumière, Baptisé pour témoigner, Peuple d'évangile, Appelé pour annoncer Les merveilles de Dieu Pour tous les vivants.	1. Vous êtes l'Évangile pour vos frères, Si vous gardez ma Parole, Pour avancer dans la vérité, Bonne nouvelle pour la terre !	2. Vous êtes l'Évangile pour vos frères, Si vous suivez mon exemple, Pour demeurer dans la charité. Bonne nouvelle pour la terre !	3. Vous êtes l'Évangile pour vos frères, Si vous marchez à ma suite, Pour inventer le don et la joie. Bonne nouvelle pour la terre !			
Peuple fidèle (Adeste fideles)	Peuple fidèle	1. Peuple fidèle, le Seigneur t’appelle : c’est fête sur terre, Le Christ est né. Viens à la crèche voir le roi du monde.	R/ En lui viens reconnaître, en lui viens reconnaître, En lui viens reconnaître, ton Dieu, ton Sauveur.		2. Verbe, Lumière, et Splendeur du Père, Il naît d’une mère, petit enfant. Dieu véritable, le Seigneur fait homme.	3. Peuple, acclame, avec tous les anges, le Maître des hommes Qui vient chez toi. Dieu qui se donne à tous ceux qu’il aime !			
Peuples qui marchez	Peuples qui marchez		R/ Peuples qui marchez dans la longue nuit, Le jour va bientôt se lever. Peuples qui cherchez le chemin de vie Dieu lui-même vient vous sauver, Peuples qui cherchez le chemin de vie Dieu lui-même vient vous sauver.	1. Il est temps de lever les yeux, Vers le monde qui vient. Il est temps de jeter la fleur, Qui se fane en vos mains.	2. Il est temps de tuer la peur, Qui vous garde en ses liens. Il est temps de porter la Croix, Jusqu'au bout du chemin.	3. Il est temps de bâtir la paix, Dans ce monde qui meurt. Il est temps de laisser l´amour Libérer votre cœur.	4. Il est temps de laisser les morts S´occuper de leurs morts. Il est temps de laisser le feu Ranimer votre cœur.		
Porter la lumière	Porter la lumière		R/ PORTER LA LUMIÈRE C’EST UNE PRIÈRE, C’EST LAISSER FAIRE LE PREMIER PAS DE L’ESPÉRANCE AU CREUX DE SOI. PORTER LA LUMIÈRE C’EST UNE PRIÈRE, CETTE FOI QUI FAIT RECULER L’OBSCURITÉ.	3. Il n’est pas trop tard Pour choisir l’espoir De se laisser enlacer Par l’amour du Père. De laisser jaillir, D’aider à grandir Les semences de l’Esprit Qui nous donnent vie.			Couplets prière 1. Guérir notre coeur Des doutes et des peurs Qui détournent nos regards Du jour qui se lève. Se laisser gagner Par la vérité ; Dieu nous aide à inventer La fraternité.  2. Guérir nos esprits Des fleurs de la nuit, Du vent qui vient assécher La nouvelle sève. Se laisser greffer À l’arbre dressé, Recevoir la vie donnée Du ressuscité.  Couplets chanson 4. Ne pas laisser libre Le morceau de givre Viens embuer les carreaux Nos petites lunettes, Mais laisser reprendre Pour mieux réapprendre Le feu qu’on veut étouffer, La lueur cachée.  5. Ne pas laisser faire Les petits bouts de fer Alourdissent nos poignets Nos petites menottes Je sais que tu sais Qu’on est mesquin mais Malgré le petit de nous Veiller jusqu’au bout.		
Prenez et mangez	Prenez et mangez		R/ Prenez et mangez, Ceci est mon corps, Prenez et buvez, voici mon sang ! Ouvrez vos cœurs ! Vous ne serez plus jamais seuls : Je vous donne ma vie.	1. Demeurez en moi, comme je demeure en vous, Qui demeure en mon amour, celui-là portera du fruit. Comme Dieu, mon Père, ainsi je vous ai aimés. Gardez mes paroles, vous recevrez ma joie !	2. Je vous ai choisis pour que vous portiez du fruit. Gardez mon commandement et vous demeurerez en moi. Comme je vous aime, aimez-vous d’un seul Esprit, Je vous donne ma vie : vous êtes mes amis !	3. Je vous enverrai l’Esprit Saint, le Paraclet. Il vous conduira au Père et fera de vous des témoins. Cherchez, vous trouverez, demandez, vous obtiendrez, Afin que le Père soit glorifié en vous !			Prenez et mangez, ceci est mon corps
Préparez le chemin du Seigneur	Préparez le chemin du Seigneur		R/ Préparez le chemin du Seigneur, Ouvrez large la porte de vos coeurs : Il viendra le sauveur et tout homme verra Le salut de Dieu.	1. Ôte ta robe de tristesse, Plus de malheur, plus de détresse : C'est ton sauveur qui vient vers toi, Il te vêtira de sa joie !	2. Dis aux timides qui s'affolent : Ne craignez pas, prenez courage ! Dieu vient lui-même vous sauver, Il vous conduira vers sa joie !	3. Vois les collines qui s'abaissent, Vois les ravins qui s'aplanissent, Vois le chemin qui s'est ouvert, Foule innombrable des sauvés !	4. Sourds, ils entendent la Parole Et les aveugles voient la gloire ; Les pauvres mangent à leur faim ; Les boiteux bondissent de joie !  5. Dans le désert les eaux jaillissent, Les lieux arides refleurissent ; La terre est prête pour le grain, Les coteaux vous offrent le vin !		
Préparez, à travers le désert	Préparez, à travers le désert		R/ Préparez, à travers le désert, Les chemins du Seigneur. Écoutez, veillez, ouvrez vos cœurs, Car Il vient, le Sauveur.	1. Tracez, dans les terres arides, Une route aplanie pour mon Dieu. Les ravins seront relevés, Tous les monts et les collines abaissés.	2. Portez à mon peuple la joie, Consolez, consolez mes enfants ! Proclamez le salut de Dieu, Le rachat et le pardon des péchés.	3. Voici, le Seigneur vient à nous, Et sa gloire en ce monde paraît. Sa parole nous est donnée : Pour nos pas, elle est lumière à jamais.	4. Élève avec force ta voix ! Le voici, ton berger, ne crains pas ! Il rassemble tous ses enfants, Les conduit sur les chemins de la vie.		
"Psaume 001 ""Heureux est l’homme"" Magnificat & Bureau"	1		Heureux est l’homme qui met sa foi dans le Seigneur						
"Psaume 004-1 ""Sur nous, Seigneur"" Bureau"	4		Sur nous, Seigneur que s’illumine ton visage						
"Psaume 008-1 ""O Seigneur notre Dieu"" Bureau"	8		Ô Seigneur notre Dieu, qu’il est grand, ton nom, par toute la terre !						
"Psaume 008-1 ""O Seigneur notre Dieu"" Lécot"	8		Ô Seigneur notre Dieu, qu’il est grand, ton nom, par toute la terre !						
"Psaume 008-1 ""O Seigneur notre Dieu"" Magnificat"	8		Ô Seigneur notre Dieu, qu’il est grand, ton nom, par toute la terre !						
"Psaume 014-""0 Seigneur qui séjournera sous ta tente"" Gouzes"	14		Seigneur, qui séjournera sous ta tente ?						
"Psaume 015-1 ""Garde moi, mon Dieu"" Wackenheim"	15		Garde-moi, mon Dieu: j’ai fait de toi mon refuge						
"Psaume 015-2 ""Dieu mon bonheur"" Bureau"	15		Dieu, mon bonheur et ma joie !						
"Psaume 015-3 ""Tu m’apprends, Seigneur"" Wackenheim"	15		Tu m’apprends, Seigneur, le chemin de la vie.						
"Psaume 016-1 ""Au réveil"" Bureau"	16		Au réveil, je me rassasierai de ton visage, Seigneur.						
"Psaume 017-2 ""Je t'aime Seigneur, ma force"" Bureau"	17		Je t’aime, Seigneur, ma force						
"Psaume 017-2 ""Je t’aime Seigneur, ma force"" Delattre"	17		Je t’aime, Seigneur, ma force						
"Psaume 017-2 ""Je t’aime Seigneur, ma force"" Wackenheim"	17		Je t’aime, Seigneur, ma force						
"Psaume 018-1 ""Seigneur, Tu as les paroles de la vie éternelle"" Gouzes"	18		Seigneur, Tu as les paroles de la vie éternelle						
"Psaume 018-2 ""Les préceptes du Seigneur sont droits"" Magnificat"	18		Les préceptes du Seigneur sont droits, ils réjouissent le cœur !						
"Psaume 018-2 ""Les préceptes du Seigneur"" Bureau"	18		Les préceptes du Seigneur sont droits, ils réjouissent le cœur !						
"Psaume 018-7 ""Tes paroles, Seigneur, sont esprit et elles sont vie."" Magnificat"	18		Tes paroles, Seigneur, sont esprit et elles sont vie.						
"Psaume 021-0 ""Mon Dieu mon Dieu"" Magnificat"	21		Mon Dieu, mon Dieu, pourquoi m’as-tu abandonné ?						
"Psaume 021-0 ""Mon Dieu mon Dieu"" Wackenheim"	21		Mon Dieu, mon Dieu, pourquoi m’as-tu abandonné ?						
"Psaume 021-7 ""Tu seras ma louange"" Magnificat"	21		Tu seras ma louange, Seigneur, dans la grande assemblée						
Psaume 022-1 Le Seigneur est mon berger CPPMF	22		Le Seigneur est mon berger : rien ne saurait me manquer.						
Psaume 022-1 Le Seigneur est mon berger Hervy	22		Le Seigneur est mon berger : rien ne saurait me manquer.						
Psaume 022-1 Le Seigneur est mon berger Wackenheim	22		Le Seigneur est mon berger : rien ne saurait me manquer.						
"Psaume 022-2 ""J’habiterai la maison du Seigneur pour la durée de mes jours"" Lécot"	22		J’habiterai la maison du Seigneur pour la durée de mes jours						
"Psaume 022-2 ""J’habiterai la maison du Seigneur pour la durée de mes jours"" Wackenheim"	22		J’habiterai la maison du Seigneur pour la durée de mes jours						
"Psaume 023-1 ""Qu’il vienne"" Dorge"	23		Qu’il vienne, le Seigneur: c’est lui, le roi de gloire !						
"Psaume 023-5 ""Voici le peuple"" Bureau"	23		Voici le peuple de ceux qui cherchent ta face, Seigneur.						
"Psaume 023-5 ""Voici le peuple"" Hervy"	23		Voici le peuple de ceux qui cherchent ta face, Seigneur.						
"Psaume 023-7 ""C’est le Seigneur Dieu de l’univers"" Magnificat"	23		C’est le Seigneur, Dieu de l’univers; c’est lui, le roi de gloire.						
"Psaume 024-1 ""Rappelle-toi, Seigneur, ta tendresse"" Bureau"	24		Rappelle-toi, Seigneur, ta tendresse.						
"Psaume 024-1 ""Rappelle-toi, Seigneur, ta tendresse"" Previdi"	24		Rappelle-toi, Seigneur, ta tendresse.						
"Psaume 024-3 ""Vers Toi, Seigneur, j’élève mon âme"" Wackenheim"	24		Vers-toi, Seigneur, j’élève mon âme, vers toi, mon Dieu.	Seigneur, enseigne-moi tes voies, fais-moi connaître ta route. Dirige-moi par ta vérité, enseigne-moi, car tu es le Dieu qui me sauve.  Il est droit, il est bon, le Seigneur, lui qui montre aux pécheurs le chemin. Sa justice dirige les humbles, il enseigne aux humbles son chemin.  Les voies du Seigneur sont amour et vérité pour qui veille à son alliance et à ses lois. Le secret du Seigneur est pour ceux qui le craignent ; à ceux-là, il fait connaître son alliance.					
"Psaume 024-4 ""Tes chemins Seigneur"" Magnificat"	24		Tes chemins, Seigneur, sont amour et vérité pour qui garde ton alliance.						
"Psaume 024-4 ""Tes chemins Seigneur"" Previdi"	24		Tes chemins, Seigneur, sont amour et vérité pour qui garde ton alliance.						
"Psaume 024-5 ""Seigneur enseigne-moi tes chemins"" Delattre"	24		Seigneur, enseigne-moi tes chemins.						
"Psaume 024-5 ""Seigneur enseigne-moi tes chemins"" Wackenheim"	24		Seigneur, enseigne-moi tes chemins.						
"Psaume 025 ""J’ai devant les yeux ton amour"" Lécot"	25		J’ai devant les yeux ton amour, Seigneur.						
"Psaume 026-0 ""Le Seigneur est ma lumiere et mon salut"" Bureau"	26		Le Seigneur est ma lumière et mon salut.						
"Psaume 026-0 ""Le Seigneur est ma lumiere et mon salut"" Magnificat"	26		Le Seigneur est ma lumière et mon salut.						
"Psaume 026-3 ""J’en suis sûr"" Fraternité de Tibériade"	26		J’en suis sûr, je verrai les bontés du Seigneur sur la terre des vivants.						
"Psaume 028-1 ""Le Seigneur bénit son peuple"" Bureau"	28		Le Seigneur bénit son peuple en lui donnant la paix.						
"Psaume 029-1 ""Je t’exalte, Seigneur, tu m’as relevé"" Magnificat"	29		Je t’exalte, Seigneur, tu m’as relevé.						
"Psaume 029-1 ""Je t’exalte, Seigneur, tu m’as relevé"" PREVIDI"	29		Je t’exalte, Seigneur, tu m’as relevé.						
"Psaume 030-1 ""O Père"" Wittal"	30		Ô Père, dans tes mains je remets mon esprit.						
"Psaume 031-0 ""Enlève Seigneur"" Wackenheim"	31		Enlève, Seigneur, l’offense de ma faute						
"Psaume 031-3 ""Tu es un refuge pour moi"" Magnificat"	31		Tu es un refuge pour moi ; de chants de délivrance, tu m’as entouré.						
"Psaume 031-3 ""Tu es un refuge pour moi"" Wackenheim"	31		Tu es un refuge pour moi ; de chants de délivrance, tu m’as entouré.						
"Psaume 032-0 ""Que ton amour, Seigneur""  "	32		Que ton amour, Seigneur, soit sur nous, comme notre espoir est en toi!						
"Psaume 032-2 ""Heureux le Peuple"" Bureau"	32		Heureux le peuple dont le Seigneur est le Dieu.						
"Psaume 032-4 ""Que ton amour, Seigneur"" Magnificat"	32		Que ton amour, Seigneur, soit sur nous, comme notre espoir est en toi !						
"Psaume 033-1 ""Goutez et voyez comme est bon le Seigneur"" Gouzes"	33		Goutez et voyez comme est bon le Seigneur!						
"Psaume 033-1 ""Goutez et voyez comme est bon le Seigneur"" Wackenheim"	33		Goutez et voyez comme est bon le Seigneur!						
"Psaume 033-2 ""Goutez et voyez comme est bon le Seigneur"" S. Akebo"	33		Goutez et voyez comme est bon le Seigneur!						
"Psaume 033-3 ""De toutes leurs épreuves"" Gouzes"	33		De toutes leurs épreuves, Dieu délivre ses amis.						
"Psaume 033-7 ""Un pauvre crie""  Wackenheim"	33		Un pauvre crie ; le Seigneur entend						
"Psaume 033-8 ""De toutes mes frayeurs"" Wackenheim"	33		De toutes mes frayeurs, le Seigneur me délivre						
"Psaume 039-0 ""Me voici Seigneur"" Lécot"	39		Me voici, Seigneur, je viens faire ta volonté.						
"Psaume 039-0 ""Me voici Seigneur"" Previdi"	39		Me voici, Seigneur, je viens faire ta volonté.						
"Psaume 039-0 ""Me voici Seigneur"" Wackenheim"	39		Me voici, Seigneur, je viens faire ta volonté.						
"Psaume 039-1 ""Seigneur, viens vite à mon secours"" Magnificat"	39		Seigneur, viens vite à mon secours !						
"Psaume 040 ""Guéris mon âme Seigneur"""	40		Guéris mon âme, Seigneur, car j'ai pêché contre toi						
"Psaume 041 ""Mon âme a soif de Toi"" Emmanuel"	41		Mon âme a soif de Toi, Dieu vivant, Dieu très haut. Prends-moi, pacifie-moi, Seigneur mon Roi. Tu es toute ma joie, ô viens en moi!						
"Psaume 044-1 ""Debout,à la droite du Seigneur"" Gouzes"	44		Debout, à la droite du Seigneur, (bis)  se tient la reine, toute parée d’or.						
"Psaume 044-1 ""Debout,à la droite du Seigneur"" Magnificat"	44		Debout, à la droite du Seigneur, se tient la reine, toute parée d’or.						
"Psaume 045 ""Voici la demeure de Dieu"" Magnificat"	45		Voici la demeure de Dieu parmi les hommes						
"Psaume 046 ""Dieu s’élève parmi les ovations"" Wackenheim"	46		Dieu s’élève parmi les ovations, le Seigneur, aux éclats du cor.						
"Psaume 050-1 ""Pitié Seigneur"" Gelineau"	50		Pitié, Seigneur, car nous avons péché.						
"Psaume 050-1 ""Pitié Seigneur"" Hervy"	50		Pitié, Seigneur, car nous avons péché.						
"Psaume 050-3 ""Oui, je me lèverai"" Wackenheim & Bureau"	50		Oui, je me lèverai, et j’irai vers mon Père.						
"Psaume 050-4 ""Crée en moi un cœur pur"" Gouzes"	50		Crée en moi un cœur pur, ô mon Dieu.						
"Psaume 050-4 ""Crée en moi un cœur pur"" Veillée Wackenheim"	50		Crée en moi un cœur pur, ô mon Dieu.						
"Psaume 053-1 ""Le Seigneur est mon appui"" Wackenheim"	53		Le Seigneur est mon appui entre tous.						
"Psaume 061-1 ""En Dieu seul"" Wackenheim"	61		En Dieu seul, le repos de mon âme						
"Psaume 062-3 ""Mon ame a soif de Toi"" Magnificat"	62		Mon âme a soif de toi, Seigneur, mon Dieu !						
"Psaume 062-3 ""Mon ame a soif de Toi"" Previdi"	62		Mon âme a soif de toi, Seigneur, mon Dieu !						
"Psaume 062-3 ""Mon ame a soif de Toi"" Venthey"	62		Mon âme a soif de toi, Seigneur, mon Dieu !						
"Psaume 062-3 ""Mon ame a soif de Toi"" Wackenheim"	62		Mon âme a soif de toi, Seigneur, mon Dieu !						
"Psaume 064-1 ""Tu visites la terre"" Magnificat"	64		Tu visites la terre et tu l’abreuves, Seigneur, tu bénis les semailles.						
"Psaume 065-1 ""Terre entière,acclame Dieu, chante le Seigneur"" Deiss"	65		Terre entière, acclame Dieu, chante le Seigneur!						
Psaume 066 - Que les peuples, Dieu, te rendent grâce	66		Que les peuples, Dieu, te rendent grâce ; qu’ils te rendent grâce tous ensemble !						
Psaume 066 - Que les peuples, Dieu, te rendent grâce (2)	66		R/ Que les peuples, Dieu, te rendent grâce ; qu’ils te rendent grâce tous ensemble !						
"Psaume 066-1 ""Que Dieu nous prenne en grâce"" Magnificat"	66		Que Dieu nous prenne en grâce et qu’il nous bénisse.						
"Psaume 066-2 ""Que les peuples"" Magnificat"	66		Que les peuples, Dieu, te rendent grâce ; qu’ils te rendent grâce tous ensemble !						
"Psaume 067 ""Béni soit le Seigneur"" Magnificat"	67		Béni soit le Seigneur: il élève les humbles.						
"Psaume 068-0 ""Dans ton grand amour"" Bureau"	68		Dans ton grand amour, Dieu, réponds-moi.						
"Psaume 068-1 ""Cherchez Dieu"" Magnificat"	68		Cherchez Dieu, vous les humbles et votre cœur vivra.						
"Psaume 070-0 ""Sans fin, je proclamerai"" Magnificat"	70		Sans fin, je proclamerai ta justice et ton salut.						
"Psaume 071-2 ""Toutes les nations, Seigneur"" Hervy"	71		Toutes les nations, Seigneur, se prosterneront devant Toi						
"Psaume 071-2 ""Toutes les nations, Seigneur"" Magnificat"	71		Toutes les nations, Seigneur, se prosterneront devant Toi						
"Psaume 071-3 ""En ces jours là"" Magnificat"	71		En ces jours-là, fleurira la justice, grande paix jusqu’à la fin des temps.						
Psaume 077 Le Seigneur Donne Le Pain Du Ciel - Hervy	77		Le Seigneur donne le pain du ciel						
"Psaume 077-0 ""Le Seigneur donne le pain du ciel"" Magnificat"	77		Le Seigneur donne le pain du ciel !						
"Psaume 077-X ""N’oubliez pas les exploits du Seigneur!"" Hervy"	77		N’oubliez pas les exploits du Seigneur !						
"Psaume 079-1 ""La vigne du Seigneur de l’univers"" Bureau"	79		La vigne du Seigneur de l’univers, c’est la maison d’Israël.						
"Psaume 079-1 ""La vigne du Seigneur de l’univers"" Ospital"	79		La vigne du Seigneur de l’univers, c’est la maison d’Israël.						
"Psaume 079-2 ""Dieu fais nous revenir"" Delattre"	79		Dieu, fais-nous revenir; que ton visage s’éclaire, et nous serons sauvés !						
"Psaume 079-2 ""Dieu fais nous revenir"" Wackenheim"	79		Dieu, fais-nous revenir; que ton visage s’éclaire, et nous serons sauvés !						
Psaume 080 Criez de joie	80		Criez de joie pour Dieu, notre force.						
"Psaume 081 ""Lève-toi"" Bureau"	81		Lève-toi,Dieu juge la terre.						
"Psaume 083 ""Heureux les habitants de ta maison"" Magnificat"	83		Heureux les habitants de ta maison, Seigneur !						
"Psaume 084-0 ""Fais-nous voir Seigneur ton amour"" Magnificat"	84		Fais-nous voir, Seigneur, ton amour, et donne-nous ton salut.						
"Psaume 084-0 ""Fais-nous voir, Seigneur, ton amour"" Previdi"	84		Fais-nous voir, Seigneur, ton amour, et donne-nous ton salut.						
Psaume 085 Toi qui est bon Magnificat	85		Toi qui est bon et qui pardonnes, écoute ma prière, Seigneur.						
"Psaume 086-0 ""Pour ta gloire on parle de toi"" Lécot"	86		Pour ta gloire on parle de toi, ville de Dieu ! 						
"Psaume 088-2 ""Ton amour, Seigneur"" Magnificat "	88		Ton amour,Seigneur, sans fin je le chante !						
"Psaume 088-3 ""Ton amour Seigneur"" Gouzes"	88		Ton amour,Seigneur, sans fin je le chante !						
"Psaume 088-3 ""Ton amour Seigneur"" Hervy"	88		Ton amour,Seigneur, sans fin je le chante !						
"Psaume 088-3 ""Ton amour Seigneur"" Wackenheim"	88		Ton amour,Seigneur, sans fin je le chante !						
"Psaume 089-0 ""D’âge en âge,Seigneur"" Wackenheim"	89		D’âge en âge, Seigneur, tu as été notre refuge.						
"Psaume 089-1 ""Rassasie-nous"" Magnificat"	89		Rassasie-nous de ton amour, Seigneur: nous serons dans la joie.						
"Psaume 090 ""Sois avec moi"" Magnificat"	90		Sois avec moi, Seigneur, dans mon épreuve.						
"Psaume 091-1 ""Il est bon Seigneur de chanter pou Toi"" Magnificat"	91		Il est bon Seigneur, de chanter pour Toi						
"Psaume 091-4 ""Il est bon Seigneur de te rendre grâce"" Bureau"	91		Il est bon Seigneur, de te rendre grâce						
"Psaume 091-5 ""Il est bon Seigneur de te rendre grâce"" Grazia Previdi"	91		Il est bon Seigneur, de te rendre grâce						
"Psaume 092-1 ""Le Seigneur est roi"" Magnificat"	92		Le Seigneur est roi; il s’est vêtu de magnificence.						
"Psaume 094-2 ""Venez crions de joie"" Cte des Béatitudes"	94		Venez, crions de joie pour le Seigneur, acclamons le rocher qui nous sauve, allons devant sa face avec actions de grâces.						
"Psaume 094-4 ""Aujourd’hui, ne fermez pas votre coeur"" Bureau"	94		Aujourd’hui, ne fermez pas votre cœur, mais écoutez la voix du Seigneur.						
"Psaume 094-4 ""Aujourd’hui, ne fermez pas votre coeur"" Delattre"	94		Aujourd’hui, ne fermez pas votre cœur, mais écoutez la voix du Seigneur.						
"Psaume 094-4 ""Aujourd’hui, ne fermez pas votre coeur"" Lécot"	94		Aujourd’hui, ne fermez pas votre cœur, mais écoutez la voix du Seigneur.						
"Psaume 094-4 ""Aujourd’hui, ne fermez pas votre coeur"" Magnificat"	94		Aujourd’hui, ne fermez pas votre cœur, mais écoutez la voix du Seigneur.						
"Psaume 095-1 ""Aujourd'hui un sauveur nous est né"" Dorge"	95		Aujourd’hui, un Sauveur nous est né: c’est le Christ, le Seigneur.						
"Psaume 095-1 ""Aujourd’hui un sauveur nous est né"" Lécot"	95		Aujourd’hui, un Sauveur nous est né: c’est le Christ, le Seigneur.						
"Psaume 095-1 ""Aujourd’hui un sauveur nous est né"" Ospital"	95		Aujourd’hui, un Sauveur nous est né: c’est le Christ, le Seigneur.						
"Psaume 095-2 ""Rendez au Seigneur la gloire"" Gouzes"	95		Rendez au Seigneur la gloire et la puissance.						
"Psaume 095-2 ""Rendez au Seigneur la gloire"" Ospital"	95		Rendez au Seigneur la gloire et la puissance.						
"Psaume 095-3 ""Racontez à tous les peuples"" Magnificat"	95		Racontez à tous les peuples les merveilles du seigneur!						
"Psaume 096-0 ""Le Seigneur est Roi"" Magnificat"	96		Le Seigneur est roi, le Très-Haut sur toute la terre						
"Psaume 096-1 ""Le Seigneur est Roi"" Magnificat"	96		Le Seigneur est roi, le Très-Haut sur toute la terre						
"Psaume 097-2 ""La terre tout entière a vu"" Bureau"	97		La terre tout entière a vu le salut que Dieu nous donne.						
"Psaume 097-2 ""La terre tout entière a vu"" Delattre"	97		La terre tout entière a vu le salut que Dieu nous donne.						
"Psaume 097-2 ""La terre tout entière a vu"" Wackenheim"	97		La terre tout entière a vu le salut que Dieu nous donne.						
"Psaume 097-5 ""Le Seigneur a fait connaître"" Gouzes"	97		Le Seigneur a fait connaître sa victoire et révélé sa justice aux nations.						
"Psaume 097-6 ""Il vient le Seigneur"" Wackenheim "	97		Il vient, le Seigneur, gouverner les peuples avec droiture.						
"Psaume 097-7 ""Chantez au Seigneur"" Bureau"	97		Chantez au Seigneur un chant nouveau, car il a fait des merveilles.						
"Psaume 099-0 ""Nous sommes son peuple"" Robert"	99		Nous sommes son peuple, son troupeau						
"Psaume 099-2 ""Il nous a faits, et nous sommes à lui"" CPPMF"	99		Il nous a faits, et nous sommes à lui, nous, son peuple, son troupeau.						
"Psaume 101 ""N’oublie pas Seigneur"" Bureau"	101		N’oublie pas Seigneur, le cri des malheureux.						
"Psaume 102-1 ""Alléluia"" ou ""le Seigneur a son trône dans les cieux"" inconnu"	102		Alléluia						
"Psaume 102-1 ""le Seigneur a son trône dans les cieux"" Wackenheim"	102		Le Seigneur a son trône dans les cieux						
"Psaume 102-3 ""Le Seigneur est tendresse"" Wackenheim"	102		Le Seigneur est tendresse et pitié						
"Psaume 102-4 ""Le Seigneur est tendresse"" Vallée"	102		Le Seigneur est tendresse et pitié						
"Psaume 102-5 ""Le Seigneur est tendresse"" Magnificat"	102		Le Seigneur est tendresse et pitié						
"Psaume 102-X ""Le Seigneur est tendresse"" Groslambert"	102		Le Seigneur est tendresse et pitié						
"Psaume 103-0 ""O Seigneur envoie ton Esprit"" Pentecôte Deiss et verset Urteaga"	103		Ô Seigneur envoie ton Esprit qui renouvelle la face de la terre !						
"Psaume 103-0 ""O Seigneur envoie ton Esprit"" Pentecôte Deiss et verset Wackenheim"	103		Ô Seigneur envoie ton Esprit qui renouvelle la face de la terre !						
"Psaume 103-1 ""O Seigneur envoie ton Esprit"" Veillée Pascale Deiss et veret Urteaga"	103		Ô Seigneur envoie ton Esprit qui renouvelle la face de la terre !						
"Psaume 103-6 ""Bénis le Seigneur"""	103		Bénis le Seigneur, ô mon âme ; Seigneur mon Dieu, tu es si grand ! 						
"Psaume 103-6 ""Bénis le Seigneur"" Bureau"	103		Bénis le Seigneur, ô mon âme ; Seigneur mon Dieu, tu es si grand !						
"Psaume 104-1 ""Le Seigneur, c’est lui notre Dieu"" Groslambert"	104		Le Seigneur, c’est lui notre Dieu						
"Psaume 104-1 ""Le Seigneur, c’est lui notre Dieu"" Magnificat"	104		Le Seigneur, c’est lui notre Dieu						
"Psaume 104-1 ""Le Seigneur, c'est lui notre Dieu"" Previdi"	104		Le Seigneur, c’est lui notre Dieu						
"Psaume 106 ""Rendez grâce au Seigneur"" Gouze"	106		R/ Rendez grâce au Seigneur : Il est bon ! Éternel est son amour !						
"Psaume 106 ""Rendez grâce au Seigneur"" Scarcella"	106		Rendez grâce au Seigneur : Il est bon ! Éternel est son amour !						
"Psaume 107 ""Le Seigneur a réduit la tempête au silence"" frère Gérard-Marie ocd"	107		Le Seigneur a réduit la tempête au silence et les vagues se sont tues le Seigneur est vainqueur de la mer et des flots						
"Psaume 109-0 ""Tu es prêtre à jamais"" Wackenheim"	109		Tu es prêtre à jamais, selon l’ordre de Melkisédek.						
"Psaume 111-1 ""Lumière des coeurs"" Bureau"	111		Lumière des cœurs droits, le juste s’est levé dans les ténèbres.						
"Psaume 112 ""Louez le nom du Seigneur"" Magnificat"	112		Louez le nom du Seigneur : de la poussière il relève le faible.						
"Psaume 114 ""Je marcherai en présence du Seigneur"" Bureau"	114		Je marcherai en présence du Seigneur sur la terre des vivants.						
"Psaume 114 ""Je marcherai en présence du Seigneur"" Wackenheim"	114		Je marcherai en présence du Seigneur sur la terre des vivants.						
"Psaume 115-1 ""La coupe de bénédiction"" inconnu"	115		La coupe de bénédiction est communion au sang du Christ.						
"Psaume 115-3 ""Je marcherai"" Bureau"	115		Je marcherai en présence du Seigneur sur la terre des vivants.						
"Psaume 115-3 ""Je marcherai"" Delattre"	115		Je marcherai en présence du Seigneur sur la terre des vivants.						
"Psaume 115-3 ""Je marcherai"" Wakenheim"	115		Je marcherai en présence du Seigneur sur la terre des vivants.						
"Psaume 115-6 ""J’élèverai la coupe du salut"" Magnificat"	115		J’élèverai la coupe du salut, j’invoquerai le nom du Seigneur.						
"Psaume 115-6 ""J’élèverai la coupe du salut"" Ospital"	115		J’élèverai la coupe du salut, j’invoquerai le nom du Seigneur.						
"Psaume 116-0 ""Allez dans le monde entier"" Gouzes"	116		Allez dans le monde entier proclamer l’Evangile.						
"Psaume 117-0 ""Alléluia grégorien (chorale 3V) Veillée pascale"" Bureau"	117		Alléluia! Alléluia! Alléluia!						
"Psaume 117-1 ""Voici le jour"" Magnificat"	117		Voici le jour que fit le Seigneur, qu’il soit pour nous jour de fête et de joie.						
"Psaume 117-2 ""Rendez grâce au Seigneur"" Bureau"	117		Rendez grâce au Seigneur : Il est bon ! Éternel est son amour !						
"Psaume 117-5 ""La pierre rejetée"" Bureau"	117		La pierre qu’ont rejetée les bâtisseurs est devenue la pierre d’angle.						
"Psaume 118-0 ""Tu aimeras le Seigneur ton Dieu"" Wackenheim"	118		Tu aimeras le Seigneur ton Dieu de tout ton cœur et tu auras la vie.						
"Psaume 118-2 ""De quel amour j’aime ta loi Seigneur"" Wackenheim"	118		De quel amour, j’aime ta loi, Seigneur !						
"Psaume 118-3 ""Heureux ceux qui marchent"" Wackenheim"	118		Heureux ceux qui marchent suivant la loi du Seigneur !						
"Psaume 120-1 ""Le secours me viendra"" Gouzes "	120		Le secours me viendra du Seigneur qui a fait le ciel et la terre.						
"Psaume 121-4 ""Dans la joie (3 couplets)"" Magnificat"	121		Dans la joie, nous irons à la maison du Seigneur.						
"Psaume 121-5 ""Dans la joie (5 couplets)"" Wackenheim"	121		Dans la joie, nous irons à la maison du Seigneur.						
Psaume 122 - Nos yeux levés vers le Seigneur - LÉCOT et GÉLINEAU	122		Nos yeux, levés vers le Seigneur, attendent sa pitié.						
"Psaume 122-0 ""Nos yeux levés vers le Seigneur."" Bureau"	122		Nos yeux levés vers le Seigneur, attendent sa pitié.						
"Psaume 125-1 ""Quelles merveilles"" Wackenheim"	125		Quelles merveilles le Seigneur fit pour nous : Nous étions en grande fête! 						
"Psaume 127-2 ""Que le Seigneur nous bénisse"" Wackenheim"	127		Que le Seigneur nous bénisse, tous les jours de notre vie !						
"Psaume 127-3 ""Heureux les habitants"" Gouzes"	127		Heureux les habitants de ta maison, Seigneur!						
"Psaume 127-4 ""Heureux qui craint le Seigneur"" Gouze"	127		Heureux qui craint le Seigneur !						
"Psaume 127-4 ""Heureux qui craint le Seigneur"" Groslambert"	127		Heureux qui craint le Seigneur !						
"Psaume 127-4 ""Heureux qui craint le Seigneur"" Wackenheim"	127		Heureux qui craint le Seigneur !						
"Psaume 129-1 ""Près du Seigneur"" Magnificat"	129		Près du Seigneur est l’amour, près de lui abonde le rachat.						
"Psaume 130 ""Garde mon âme dans la paix"" Levain"	130		Garde mon âme dans la paix près de toi, Seigneur.						
"Psaume 130 ""Garde mon âme dans la paix"" Previdi"	130		Garde mon âme dans la paix près de toi, Seigneur.						
"Psaume 130 ""Garde mon âme dans la paix"" Wackenheim"	130		Garde mon âme dans la paix près de toi, Seigneur.						
"Psaume 136 ""Que ma langue s’attache à mon palais"". Inconnu"	136		Que ma langue s’attache à mon palais si je perds ton souvenir !						
"Psaume 137-1 ""Je te chante"" Bureau"	137		Je te chante, Seigneur, en présence des anges						
"Psaume 137-2 ""Le jour où je t’appelle"" Previdi"	137		Le jour où je t’appelle, réponds-moi, Seigneur.						
"Psaume 137-2 ""Le jour où je t’appelle"" Robert"	137		Le jour où je t’appelle, réponds-moi, Seigneur.						
"Psaume 144 ""Proche est le Seigneur de ceux qui l’invoquent"" Wackenheim"	144		Proche est le Seigneur de ceux qui l’invoquent						
Psaume 144-2 Tu ouvres la main, Seigneur : nous voici rassasiés	144		Tu ouvres la main, Seigneur : nous voici rassasiés.						
"Psaume 144-4 ""Mon Dieu, mon Roi"" Gouzes"	144		Mon Dieu, mon Roi, je bénirai ton nom toujours et à jamais !						
"Psaume 145-1 ""Chante ô mon âme"" Bureau"	145		Chante, ô mon âme, la louange du Seigneur !						
"Psaume 145-8 ""Je veux louer le Seigneur tant que je vis"" Robert"	145		Je veux louer le Seigneur, tant que je vis.						
"Psaume 146-1 ""Bénissons le Seigneur"" Magnificat"	146 (147a)		Bénissons le Seigneur qui guérit nos blessures !						
"Psaume 146-1 ""Bénissons le Seigneur"" Ospital"	146 (147a)		Bénissons le Seigneur qui guérit nos blessures !						
"Psaume Cantique de Daniel ""3,82-87"""	Cantique de Daniel 3		A toi, louange et gloire éternellement!						
"Psaume Cantique Isaïe 12 ""Exultant de joie"" Gouzes"	Cantique d'Isaïe 12		Exultant de joie, vous puiserez les eaux aux sources du salut !						
"Psaume Cantique Isaïe 12 ""Exultant de joie"" Magnificat"	Cantique d'Isaïe 12		Exultant de joie, vous puiserez les eaux aux sources du salut !						
"Psaume Cantique Isaïe 12 ""Jubile, crie de joie"" Magnificat"	Cantique d'Isaïe 12		Jubile, crie de joie, car il est grand au milieu de toi, le Saint d’Israël						
"Psaume Cantique Luc 1 ""Mon âme exulte en mon Dieu"" Ospital"	Cantique de Luc 1		Mon âme exulte en mon Dieu						
"Psaume Cantique Luc 1 ""Mon âme exulte en mon Dieu"" Wackenheim"	Cantique de Luc 1		Mon âme exulte en mon Dieu						
Psaume de la création - Mon Dieu, tu es Grand, tu es Beau	Psaume de la création								
PU Accueille au creux de tes mains	Accueille au creux de tes mains la prière de tes enfants								Accueille au creux de tes mains
PU Avec Marie ta mère, nous te supplions	Avec Marie ta mère, nous te supplions								
PU Dans ta miséricorde, Seigneur, écoute-nous	Dans ta miséricorde, Seigneur, écoute-nous								
PU Dieu de bonté, exauce nos prières !	Dieu de bonté, exauce nos prières !								
PU Dieu de l'Alliance, écoute nous !	Dieu de l'Alliance, écoute nous !								
PU Dieu de lumière, accueille nos prières !	Dieu de lumière, accueille nos prières !								
PU Dieu de tendresse et d'amour	Dieu de tendresse et d’amour, Dieu miséricordieux, Que nos prières s’élèvent devant Toi, Père exauce-nous.								
PU Dieu de tendresse, souviens-toi de nous	Dieu de tendresse, souviens-toi de nous								
PU Écoute-nous, Seigneur, et viens sauver ton peuple !	Écoute-nous, Seigneur, et viens sauver ton peuple !								
PU Entends nos prières	Entends nos prières, Entends nos voix, Entends nos prières Monter vers Toi. 								
PU Fais nous, Seigneur, les témoins de ton amour	R/ Fais de nous, Seigneur, les témoins de ton amour.								
PU Jésus Emmanuel exauce nous	Jésus Emmanuel exauce nous								
PU Montre nous, Seigneur, ton visage d'amour !	Montre nous, Seigneur, ton visage d'amour !								
PU Notre Père, notre Père nous te supplions humblement	Notre Père, notre Père nous te supplions humblement								
PU Ô Christ Emmanuel exauce nous	Ô Christ Emmanuel exauce nous								
PU Ô Christ ressuscité, exauce-nous. Missel	Ô Christ ressuscité, exauce-nous								
PU Ô Christ ressuscité, exause-nous. Deiss	Ô Christ ressucité, exause-nous								
PU Ô seigneur écoute-nous alléluia. Ô seigneur exauce-nous alléluia	Ô Seigneur écoute-nous Alléluia. Ô Seigneur exauce-nous Alléluia								
PU Oh ! Seigneur, en ce jour, écoute nos prières	Oh ! Seigneur, en ce jour, écoute nos prières								
PU Pour les hommes et pour les femmes	Pour les hommes et pour les femmes								
PU Seigneur, donne un signe de ton amour !	Seigneur, donne un signe de ton amour !								
PU Seigneur, écoute-nous, Seigneur, exauce-nous ! Slave	Seigneur, écoute-nous, Seigneur, exauce-nous !								
PU Seigneur, entends la prière qui monte de nos coeurs	Seigneur, entends la prière qui monte de nos coeurs								
PU Seigneur, rassemble nous dans la paix de ton amour	Seigneur, rassemble nous dans la paix de ton amour								
PU Sur la terre des hommes, fais briller, Seigneur, ton amour!	Sur la terre des hommes, fais briller, Seigneur, ton amour !								
PU Sûrs de ton amour, et forts de notre foi, Seigneur, nous te prions	Sûrs de ton amour, et forts de notre foi, Seigneur, nous te prions								
PU Toi qui es lumière, Toi qui es l'Amour	Toi qui es lumière, toi qui es l'amour Mets dans nos ténèbres, ton Esprit d'amour.								
PU Toi qui nous aimes, écoute-nous, Seigneur	Toi qui nous aimes, écoute-nous, Seigneur								
PU Veille avec nous, Seigneur	Veille avec nous, Seigneur								
Qu'exulte tout l'univers	Qu’exulte tout l’univers		R/ Qu’exulte tout l’univers, Que soit chantée en tous lieux La puissance de Dieu. Dans une même allégresse, Terre et cieux dansent de joie, Chantent alléluia !	1. Par amour des pécheurs La lumière est venue ; Elle a changé les cœurs De tous ceux qui l’ont reconnue.	2. Vous étiez dans la nuit, Maintenant jubilez, Dieu vous donne la vie ; Par amour, il s’est incarné.	3. Exultez, rendez gloire, Chantez que Dieu est bon, Christ est notre victoire, Il est notre résurrection.	4. Que chacun reconnaisse : Jésus est notre Roi. Rejetons nos tristesses Pour une éternité de joie.  5. Toi, l’unique Seigneur, Envoie l’Esprit d’amour. Viens régner dans nos cœurs, Nous voulons hâter ton retour.		
Que chante pour toi	Que chante pour toi	1. Sans fin j'exulterai, pour toi je chanterai, Ô Dieu car tu es bon. Je danserai pour toi, tu es toute ma joie, Ô Dieu car tu es bon.	R/ Que chante pour toi la bouche des enfants, Qu'exulte en toi le peuple des vivants. (bis)		2. Nous recevons de toi la force de nos pas, O Dieu car tu es bon. Que craindre désormais, tu marches à nos côtés, Ô Dieu car tu es bon.	3. Chacun est à tes yeux unique et merveilleux, Ô Dieu car tu es bon. Tu donnes chaque jour le Pain de ton amour, Ô Dieu car tu es bon.	4. Que toutes les nations s'assemblent pour ton Nom, Ô Dieu car tu es bon. De toi vient toute paix, c'est toi notre unité, Ô Dieu car tu es bon. 5. Que s'élèvent toujours vers toi nos chants d'amour, Ô Dieu car tu es bon. En toi tout reprend vie au feu de ton Esprit, Ô Dieu car tu es bon.		
Que ma bouche chante ta louange	Que ma bouche chante ta louange	1. De toi, Seigneur, nous attendons la vie, Que ma bouche chante ta louange. Tu es pour nous un rempart, un appui, Que ma bouche chante ta louange. La joie du cœur vient de toi ô Seigneur, Que ma bouche chante ta louange. Notre confiance est dans ton nom très saint ! Que ma bouche chante ta louange.	R/ Sois loué Seigneur, pour ta grandeur, Sois loué pour tous tes bienfaits. Gloire à toi Seigneur, tu es vainqueur, Ton amour inonde nos cœurs. Que ma bouche chante ta louange.		2. Seigneur, tu as éclairé notre nuit, Que ma bouche chante ta louange. Tu es lumière et clarté sur nos pas, Que ma bouche chante ta louange. Tu affermis nos mains pour le combat, Que ma bouche chante ta louange. Seigneur tu nous fortifies dans la foi ! Que ma bouche chante ta louange.	3. Tu viens sauver tes enfants égarés, Que ma bouche chante ta louange. Qui dans leur cœur espèrent en ton amour, Que ma bouche chante ta louange. Dans leur angoisse, ils ont crié vers toi, Que ma bouche chante ta louange. Seigneur tu entends le son de leur voix ! Que ma bouche chante ta louange.	4. Des ennemis, toi tu m’as délivré, Que ma bouche chante ta louange. De l’agresseur, tu m’as fait triompher, Que ma bouche chante ta louange. Je te rends grâce au milieu des nations, Que ma bouche chante ta louange. Seigneur, en tout temps, je fête ton Nom ! Que ma bouche chante ta louange.		
Que vienne ton règne	Que vienne ton règne		R/ Que vienne ton règne Que ton Nom soit sanctifié, Sur la terre comme au ciel, Que ta volonté soit faite. Que coule en torrents Ton Esprit de vérité. Donnes-nous ton espérance, Ton amour, ta sainteté.	1. Qui pourrait nous séparer De ton amour immense. Qui pourrait nous détourner De ta miséricorde ?	2. Tu habites nos louanges Tu inspires nos prières, Nous attires en ta présence Pour nous tourner vers nos frères.	3. Tu seras notre lumière Il n’y aura plus de nuit. Ton Nom sera sur nos lèvres, De larmes, il n’y aura plus. 			
Que vive mon âme à te louer	Que vive mon âme à te louer		R/ Que vive mon âme à te louer Tu as posé une lampe, une lumière sur ma route, Ta parole, Seigneur, ta parole, Seigneur.	1. Heureux ceux qui marchent dans tes voies, Seigneur ! De tout mon cœur, je veux garder ta parole, Ne me délaisse pas, Dieu de ma joie.	2. Heureux ceux qui veulent faire ta volonté ! Je cours sans peur sur la voie de tes préceptes Et mes lèvres publient ta vérité.	3. Heureux ceux qui suivent tes commandements ! Oui plus que l'or, que l'or fin j'aime ta loi, Plus douce que le miel est ta promesse.	4. Heureux ceux qui méditent sur la sagesse ! Vivifie-moi, apprends-moi tes volontés ; Dès l'aube de ta joie tu m'as comblé.                                         		
Recevez le Christ	Recevez le  christ		R. Recevez le Christ doux et humble, Dieu caché en cette hostie. Bienheureux disciples du Seigneur, Reposez sur son coeur, apprenez tout de lui.	1. Voici le Fils aimé du Père,					
 Don de Dieu pour sauver le monde.									
 Devant nous il est là, il se fait proche,									
 Jésus, l’Agneau de Dieu !									
 Tu prends la condition d’esclave.									
 Roi des rois, tu t’abaisses jusqu’à terre									
 Pour nous laver les pieds.									
 Maître comment te laisser faire ?									
 En mon corps, en mon âme pécheresse,									
 Tu viens pour demeurer.									
 Lave mes pieds et tout mon être :									
 De ton coeur, fais jaillir en moi la source,									
 L’eau vive de l’Esprit.									
Regarde l’étoile	Regarde l’étoile	1. Si le vent des tentations s’élève, si tu heurtes le rocher des épreuves. Si les flots de l’ambition t’entraînent, si l’orage des passions se déchaine:	R/ Regarde l’étoile, invoque Marie, Si tu la suis, tu ne crains rien! Regarde l’étoile, invoque Marie, Elle te conduit sur le chemin		2. Dans l’angoisse et les périls, le doute, quand la nuit du désespoir te recouvre. Si devant la gravité de tes fautes la pensée du jugement te tourmente:	3. Si ton âme est envahie de colère, jalousie et trahison te submergent. Si ton cœur est englouti dans le gouffre, emporté par les courants de tristesse:	4. Elle se lève sur la mer, elle éclaire, son éclat et ses rayons illuminent. Sa lumière resplendit sur la terre, dans les cieux et jusqu’au fond des abîmes.  CODA. Si tu la suis, tu ne dévies pas, si tu la pries, tu ne faiblis pas. Tu ne crains rien, elle est avec toi et jusqu’au port, elle te guidera.		
Regardez l'humilité de Dieu	Regardez l’humilité de Dieu	1. Admirable grandeur, Étonnante bonté Du Maître de l’univers Qui s’humilie pour nous Au point de se cacher Dans une petite hostie de pain.	R/ Regardez l’humilité de Dieu, Regardez l’humilité de Dieu, Regardez l’humilité de Dieu Et faites-lui l’hommage De vos cœurs.		2. Faites-vous tout petits, Vous aussi devant Dieu Pour être élevés par lui, Ne gardez rien pour vous, Offrez-vous tout entiers À ce Dieu qui se donne à vous.				
Rends-nous la joie d'être sauvés	Rends-nous la joie d'être sauvés	1. Ô Jésus, tu connais Les secrets de nos cœurs, Tu traces sur le sol Des signes d’espérance. Tu ne nous juges pas, Ta parole est salut, Et tu nous encourages : « Ne pèche plus »	R/ Rends-nous la joie D’être sauvés Et nos lèvres publieront Ta louange. Raffermis nos pas, Viens nous recréer, Mets en nous, Seigneur, Un cœur nouveau !		2. Comme à l'aveugle-né que tu touches et recrées Tu ouvriras nos yeux, pour mieux te reconnaitre Nous pourrons témoigner et sans peur affirmer Que tu es la lumière dans notre nuit	3. Assis au bord du puits, Aux côtés de Jésus, Nous nous reposerons Des peines de la route. Il puisera pour nous À la source de vie L’eau vive de l’Esprit Qui fortifie.			
Restez en tenue de Service 	Gardez vos lampes allumées			Restez en tenue de service, Gardez vos lampes allumées, Soyez comme des gens qui attendent leur maître À son retour des noces, 	Afin que dès qu’il arrive et frappe, Ils puissent immédiatement lui ouvrir la porte, Heureux ces serviteurs que le maître En arrivant trouve en train de veiller.	Amen, je vous le dis, il prendra la tenue de service Il les invitera à se mettre à table Et passera pour les servir.	… Gardez vos lampes allumées !		
Sauvés des mêmes eaux	Sauvés des mêmes eaux			1. Sauvés des mêmes eaux, marqués du même sang.					
 Nous sommes ton Peuple !									
 Bénis du même amour, signés du même nom ;									
 Nous sommes ton Peuple									
 Et nous te rendons grâce par Jésus ton Enfant !									
 Nous sommes ton Peuple !									
 Greffés au même tronc, unis au même Chef ;									
 Nous sommes ton Peuple									
 Et nous te rendons grâce par Jésus ton Enfant !									
 Nous sommes ton Peuple !									
 Pour prendre un même Pain et boire un même Vin.									
 Nous sommes ton Peuple									
 Et nous te rendons grâce par Jésus ton Enfant !									
Seigneur Jésus, tu es présent	Seigneur Jésus, tu es présent			1. Seigneur Jésus, tu es présent dans ton Eucharistie,					
 Dans cette hostie nous t´adorons et nous te magnifions.									
 Oui, nous croyons que dans ta gloire à jamais nous vivrons.									
 Car en toi resplendit l’amour qui chasse toute peur.									
Seigneur, dans toutes mes rencontres	Seigneur, dans toutes mes rencontres		Seigneur dans toutes mes rencontres fais-moi découvrir ton regard Éclaire-moi par ta Parole sur tes chemins semés d'espoir. (bis)	1. Si la peur assombrit ma route J’ai du mal à te reconnaître Je suis prisonnier de mes doutes Mais toi tu m’invites à rencontrer le frère.	2. Quand l’orgueil insensé m’aveugle J’ai du mal à te reconnaître Mes yeux aux regards se dérobent Et toi tu m’invites à regarder le frère.	3. Si le besoin de rien m’isole J’ai du mal à te reconnaître Mon coeur est sourd à la parole Et toi tu m’invites à écouter le frère.	4. Quand l’indifférence m’emprisonne		
 J’ai du mal à te reconnaître									
 Je passe et ne parle à personne									
 Mais toi tu m’invites à recevoir le frère.									
Seigneur, j’accueille ton pardon	Seigneur, j’accueille ton pardon		R/ Seigneur, j'accueille ton pardon Donne-moi la force de vivre dans l'amour	1. Je viens vers toi, tu me connais Tu sais de quoi chacun est fait C'est près de toi qu'on devient vrai Heureux le cœur qui sait aimer R/	2. Je viens vers toi, tu me connais Je viens te dire mon regret C'est avec toi qu'on peut changer Heureux le cœur qui fait la paix R/	3. Je viens vers toi, je te connais Tu es plus grand que mon péché C'est bien de toi que vient la joie Heureux le coeur réconcilié R/			
Seigneur, viens nous sauver	Seigneur, viens nous sauver		R/ Seigneur, viens nous sauver, Dieu avec nous, Emmanuel, Seigneur, viens nous sauver, Viens, Seigneur Jésus !  	1. Dans le désert monte un cri, « Voici qu’Il vient, l’Agneau de Dieu Aplanissez les chemins Devant ses pas ! »	2. La femme vierge a conçu, Par elle, un Fils nous est donné, Celui qui vient nous sauver : L’Emmanuel !	3. Verbe fait chair en nos vies Pour le salut de tous les hommes, Tu viens briller dans nos nuits, Astre d’en haut !	4. En revêtant notre chair, Tu as aimé l’humanité, Nous t’attendons, ô Jésus, Maranatha !		
Séquence de Pâques d'Hautecombe		A la Victime pascale, chrétiens, offrez le sacrifice de louange. L’agneau a racheté les brebis ; le Christ innocent a réconcilié l’homme pécheur avec le Père. La mort et la vie s’affrontèrent en un duel prodigieux. Le Maître de la vie mourut : vivant, il règne “ Dis-nous, Marie-Madeleine, qu’as-tu vu en chemin ? ”  “ J’ai vu le sépulcre du Christ vivant, j’ai vu la gloire du Ressuscité. J’ai vu les anges ses témoins, le suaire et les vêtements. Le Christ, mon espérance, est ressuscité ! Il vous précédera en Galilée. ”  Nous le savons : le Christ est vraiment ressuscité des morts. Roi victorieux, prends-nous tous en pitié ! Amen.  Nous te magnifions, Lumière du monde, Christ ressuscité! Nous te magnifions Lumière du monde, tu es vraiment ressuscité! (bis) 							
Serviteurs de l’Évangile pour le monde	Serviteurs de l’Évangile pour le monde		R/ Serviteurs de l’évangile pour le monde,						
 Tous ensemble avec le christ,									
 Par nos voix et par nos gestes dieu s’annonce;									
 Que toute chair s’éveille à lui !									
 Voici que des malades sont guéris.									
 L’aveugle voit dans sa nuit briller l’étoile,									
 Le sourd entend notre terre aux mille bruits.									
									
 L’espoir fait tressaillir leur univers.									
 Les affamés sauront-ils que Dieu les sauve									
 Si nous restons prisonniers de nos déserts ?									
									
 Ses voies sont des chemins de communion ;									
 Pour la justice et la vie en plénitude									
 Elle est debout en tout lieu où nous aimons.									
									
Si le Père vous appelle	Si le Père vous appelle	1. Si le Père vous appelle à aimer comme il vous aime, Dans le feu de son Esprit, bienheureux êtes-vous ! Si le monde vous appelle à lui rendre une espérance, A lui dire son salut, bienheureux êtes-vous ! Si l'Eglise vous appelle à peiner pour le Royaume, Aux travaux de la moisson, bienheureux êtes-vous !	R/ Tressaillez de joie ! Tressaillez de joie ! Car vos noms sont inscrits pour toujours dans les cieux ! Tressaillez de joie ! Tressaillez de joie ! Car vos noms sont inscrits dans le coeur de Dieu !		2. Si le Père vous appelle à la tâche des apôtres, En témoins du seul Pasteur, bienheureux êtes-vous ! Si le monde vous appelle à l'accueil et au partage Pour bâtir son unité, bienheureux êtes-vous ! Si l'Eglise vous appelle à répandre l'Evangile En tout point de l'univers, bienheureux êtes-vous !	3. Si le Père vous appelle à quitter toute richesse Pour ne suivre que son Fils, bienheureux êtes-vous ! Si le monde vous appelle à lutter contre la haine Pour la quête de la Paix, bienheureux êtes-vous ! Si l'Eglise vous appelle à tenir dans la prière, Au service des pécheurs, bienheureux êtes-vous !	4. Si le Père vous appelle à parler de ses merveilles, A conduire son troupeau, bienheureux êtes-vous ! Si le monde vous appelle à marcher vers la lumière Pour trouver la vérité, bienheureux êtes-vous ! Si l'Eglise vous appelle à semer avec patience Pour que lève un blé nouveau, bienheureux êtes-vous !  5. Si le Père vous appelle à montrer qu'il est tendresse, A donner le pain vivant, bienheureux êtes-vous ! Si le monde vous appelle au combat pour la justice, Au refus d'être violents, bienheureux êtes-vous ! Si l'Eglise vous appelle à l'amour de tous les hommes Au respect du plus petit, bienheureux êtes-vous !		mi ré do si la fa mi la (2tps)
Si nous nous aimons (Sokito)	Si nous nous aimons	1. Si nous nous aimons les uns les autres, alléluia,(bis) Nous verrons la gloire du Seigneur.	R/ Ô Jésus Sauveur Aaa Gloria, Aaa Gloria. Nous Verrons La Gloire Du Seigneur.		2. Par l’Esprit de Jésus Christ, rassemblés, alléluia,				
 Nous verrons la gloire du Seigneur. (bis)									
Signes par milliers	Signes par milliers		R/ Signes par milliers, traces de ta gloire, Signes par milliers, Dieu dans notre histoire. Signes par milliers, traces de ta gloire, Signes par milliers, Dieu dans notre histoire.	1. Ta main, Seigneur, nous a donné des signes : Des signes par milliers, Des signes par milliers. Le chant de l'univers, Le souffle sur la mer, La flamme des vivants : Dieu, à l'œuvre dans nos temps ! Dieu, à l'œuvre dans nos temps !  	2. Nos yeux, Seigneur, se ferment sur tes signes, Les signes de la joie, Les signes de la joie. Tristesse est notre nuit, La guerre avec ses cris, Le froid de nos maisons : Dieu, tu brises nos prisons ! Dieu, tu brises nos prisons !	3. Jésus, ton fils, nous a donné des signes, Des signes de clarté, Des signes de clarté. Par lui l'aveugle voit, Le sourd entend sa voix, Zachée partage grand : Dieu, parole qui surprend ! Dieu, parole qui surprend !			2nde fois de Signes par milliers, traces de ta gloire, Signes par milliers, Dieu dans notre histoire. 2, 1,
Sois béni toi qui viens tout rayonnant de bonté									
Sur la route d'Emmaüs	Sur la route d'Emmaüs		R/ Ouvre nos yeux, toi qui nous rejoins ! Ouvre nos coeurs, donne-nous ton pain !	3. Pas à pas vers Emmaüs Un espoir en nous renaît, Sous la cendre un feu qui brûle. Sous la cendre un feu qui brûle. La voix des Ecritures Nous réveille au plus secret.	4. C’est le soir sur Emmaüs, Tu seras notre invité; Près de nous viens prendre place ! Près de nous viens prendre place ! A toi de rendre grâce, Le repas est préparé.		1. Sur la route d’Emmaüs Notre coeur est dans la nuit. Qui pourrait lever la tête ? Qui pourrait lever la tête ? Jésus le Grand Prophète Sur la croix s’est endormi. 2. En chemin vers Emmaüs, Tu nous parles du Messie : «Vos esprits sont lents à croire !» «Vos esprits sont lents à croire !» Voyez à quelle Pâque Le Sauveur était promis. 5. A la table d’Emmaüs, Tu partages notre pain, Et ta gloire se révèle. Et ta gloire se révèle. Nos yeux te reconnaissent, Mais déjà tu es si loin ! 6. La Nouvelle d’Emmaüs, Allons vite l’annoncer ! Grand joie pour notre terre ! Grand joie pour notre terre ! Voici la vraie lumière : Jésus-Christ ressuscité !		
Sur les routes de l'alliance	Sur les routes de l'alliance 		R/ Sur les routes de l´Alliance, Ta lumière nous conduit. Nous marchons pleins d´espérance, Tu nous mènes vers la vie.	1. Dieu, printemps du monde, par amour tu nous choisis. Fais grandir ton peuple, nous vivrons pour te servir. Bienheureux qui sait répondre à l´appel de ton Esprit !	2. Dieu, semeur d´étoiles, tu éclaires notre nuit. Fais grandir ton peuple, nous vivrons pour te servir. Bienheureux qui ose croire au soleil de ton pays !	3. Dieu, berger fidèle, tu nous dis quel est ton nom. Fais grandir ton peuple, nous vivrons pour te servir. Bienheureux celui qui cherche, tu lui ouvres ta maison 	4. Dieu, sauveur des hommes, tu nous donnes Jésus Christ. Fais grandir ton peuple, nous vivrons pour te servir. Bienheureux le coeur de pauvre, son trésor est infini !  5. Dieu, promesse offerte, ton Alliance est notre joie. Fais grandir ton peuple, nous vivrons pour te servir. Bienheureux dans ta lumière les marcheurs qui gardent foi !		
Toi qui a été baptisé dans le Christ									
Toi qui aimes	Toi qui aimes		R/ Toi qui aimes ceux qui s'aiment, Car tu es l'amour, Dans nos vies comme un poème, Fais chanter l'amour.	1. Porter à deux bonheur et misère Tournés vers le même horizon. Les yeux éclairés d'une même lumière. Chanter une même chanson.	2. Fais-nous briser barrières et murailles Avec la violence d'aimer ; Chasser la haine sans armes ni batailles, Armés seulement d'amitié.	3. Seigneur, bénis ceux qui, devant leurs frères, Se donnent l'un à l'autre leur foi, Pour que leur amour, tout comme une prière, Toujours les rapproche de toi.	4. Esprit d'amour qui réchauffe le monde, Fais-nous vivre de charité Et pour que nos vies soient belles et fécondes Enseigne-nous à tout donner.		
Tournez les yeux vers le Seigneur et rayonnez de joie 	Tournez les yeux vers le Seigneur		R/ Tournez les yeux vers le Seigneur, Et rayonnez de joie, Chantez son nom de tout votre cœur, Il est votre Sauveur, C’est lui votre Seigneur.	1. J’ai cherché le Seigneur Et il m’a écouté. Il m’a guéri de mes peurs Et sans fin je le louerai. R/	2. Dieu regarde ceux qu’il aime, Il écoute leur voix, Il les console de leur peine, Et il guide leurs pas. R/	3. Ceux qui cherchent le Seigneur Ne seront privés de rien. S’ils lui ouvrent leur cœur, Ils seront comblés de bien. R/			Tournez les yeux vers le Seigneur, et rayonnez de joie
Trouver dans ma vie ta présence	Trouver dans ma vie ta présence		R/ Trouver dans ma vie ta présence, Tenir une lampe allumée, Choisir d’habiter la confiance, Aimer et se savoir aimé.	1. Croiser ton regard dans le doute, Brûler à l’écho de ta voix, Rester pour le pain de la route, Savoir reconnaître ton pas.	2. Brûler quand le feu devient cendre, Partir vers celui qui attend, Choisir de donner sans reprendre, Fêter le retour d’un enfant.	3. Ouvrir quand tu frappes à ma porte, Briser les verrous de la peur, Savoir tout ce que tu m’apportes, Rester et devenir veilleur.			
Tu es devenu enfant de Dieu	Tu es devenu enfant de Dieu		R/ TU ES DEVENU ENFANT DE DIEU ET FRÈRE DE JÉSUS, ALLELUIA ! AUJOURD’HUI L’ESPRIT REPOSE EN TOI ET CHANTE ALLELUIA !				1. Tu rentres dans la ronde, la ronde de son amour, Tu danses avec tes frères la danse de sa joie.  2. Tu portes sa lumière, lumière de sa beauté, Tu chantes ses merveilles, merveilles de son coeur.		
Tu es, seigneur, notre résurrection									
Tu fais ta demeure en nous	Tu fais ta demeure en nous		R/ Tu es là présent, livré pour nous. Toi le tout-petit, le serviteur. Toi, le Tout-Puissant, humblement tu t’abaisses. Tu fais ta demeure en nous Seigneur.	1. Le pain que nous mangeons, le vin que nous buvons, C’est ton corps et ton sang, Tu nous livres ta vie, tu nous ouvres ton cœur, Tu fais ta demeure en nous Seigneur.	2. Par le don de ta vie, tu désires aujourd’hui Reposer en nos cœurs, Brûlé de charité, assoiffé d’être aimé, Tu fais ta demeure en nous Seigneur.	3. Unis à ton Amour, tu nous veux pour toujours Ostensoirs du Sauveur, En notre humanité, tu rejoins l’égaré, Tu fais ta demeure en nous Seigneur.			R/ en entier
Un grand champ à moissonner	Un grand champ à moissonner		R/ UN GRAND CHAMP A MOISSONNER, UNE VIGNE A VENDANGER DIEU APPELLE MAINTENANT POUR SA RECOLTE ! DIEU APPELLE MAINTENANT SES OUVRIERS !	1. Vers la terre où tu semas le désir de la lumière, CONDUIS-NOUS SEIGNEUR ! Vers les coeurs où tu plantas l'espérance d'une aurore, NOUS IRONS, SEIGNEUR !	2. Vers la terre où tu semas le désir d'un monde juste, CONDUIS-NOUS, SEIGNEUR ! Vers les coeurs où tu plantas l'espérance d'une alliance, NOUS IRONS, SEIGNEUR !	3. Vers la terre où tu semas le désir de vivre libre, CONDUIS-NOUS, SEIGNEUR ! Vers les coeurs où tu plantas l'espérance d'une fête NOUS IRONS, SEIGNEUR !	4. Vers la terre où tu semas le désir de la Rencontre, CONDUIS-NOUS, SEIGNEUR ! Vers les coeurs où tu plantas l'espérance d'un Visage, NOUS IRONS, SEIGNEUR !		
Venez chantons notre Dieu	Venez chantons notre Dieu		R/ Venez, chantons notre Dieu, lui, le roi des cieux, Il est venu pour sauver l’humanité et nous donner la vie. Exulte pour ton roi, Jérusalem, danse de joie.	1. Il est venu pour nous sauver du péché, exulte, Jérusalem, danse de joie. Oui par sa mort tous nous sommes libérés, exulte, Jérusalem, danse de joie.	2. Oui tous ensemble rejetons notre péché, exulte, Jérusalem, danse de joie. Dans sa bonté, tous nous sommes pardonnés, exulte, Jérusalem, danse de joie.	3. Le Roi de gloire nous a donné le salut, exulte, Jérusalem, danse de joie. Sa majesté, nous pouvons la contempler, exulte, Jérusalem, danse de joie.	4. S'il est venu ce n'est pas pour nous juger, exulte, Jérusalem, danse de joie. Mais seulement pour que nous soyons sauvés, exulte, Jérusalem, danse de joie.		
Venez, c'est Noël	Venez, c'est Noël			1. Venez, c'est Noël, accourez vers l'Enfant! Lumière espérée, le Seigneur nous attend. Voyez dans la crèche le Fils nouveau né; Le Dieu de tendresse aujourd'hui l'a donné.	2. Il vient comme un pauvre au milieu de la nuit, Lumière de joie pour Joseph et Marie. Sa mère en silence bénit le très haut : Le Verbe fait chair dans ce monde est éclos.	3. Les anges pour lui font sonner « Gloire à Dieu ». Lumière de paix sur la terre et aux cieux! Voici que s'éveille le chant des bergers; L'étable est remplie de nouvelles clartés.	4. Jésus, Fils de Dieu, tu reviens parmi nous, Lumière d'espoir quand nos yeux voient ton jour. Que brille l'étoile au profond de nos coeurs! L'amour y naîtra comme un fruit du Sauveur.		
Viens Esprit Saint descends sur nous - Communauté du Chemin neuf	Viens, Esprit Saint descends sur nous	 Viens, Esprit Saint descends sur nous, Comble-nous de ton amour, Que rayonne ta bonté !  Viens, Envoyé du Dieu Très-Haut, Viens et fortifie nos corps, Et fais de nous ta demeure.	R/ Viens et embrase nos vies, Viens briller dans nos nuits, Toi le consolateur. (A toi nos louanges)  Viens Esprit de vérité, Viens purifier nos cœurs, Viens nous renouveler. (A toi nos louanges)						Viens, Esprit Saint descends sur nous
Vient Esprit de Sainté									
Vierge sainte, Dieu t'a choisie	Vierge sainte, Dieu t'a choisie	1. Vierge Sainte, Dieu t'a choisie, Depuis toute éternité, Pour nous donner son Fils bien-aimé, Pleine de grâce, nous t'acclamons.	R/ Ave ! Ave ! Ave Maria ! Ave ! Ave ! Ave Maria !		2. Par ta foi et par ton amour, Ô Servante du Seigneur ! Tu participes à l'oeuvre de Dieu, Pleine de grâce, nous te louons.	3. En donnant aux hommes, ton Fils, Mère riche de bonté, Tu fais la joie de ton Créateur, Pleine de grâce, nous t'acclamons.	4. Ô Marie, Refuge très sûr Pour les hommes, tes enfants, Tu nous comprends et veilles sur nous, Pleine de grâce nous te louons.		
Vive Dieu	Vive Dieu		R/ Vive Dieu (X3)	1. Vive Dieu par notre terre					
 Vive Dieu du haut des cieux									
 Par la nuit et la lumière									
 Vive Dieu car il est Dieu									
 Vive Dieu par les déserts									
 Par les monts et les rivières									
 Vive Dieu, car il est Dieu !									
 Vive Dieu par ses témoins									
 Par les saints de notre histoire									
 Vive Dieu, car il est Dieu !									
Vivons en enfants de lumière	Vivons en enfants de lumière	1. L'heure est venue de l'exode nouveau ! Voici le temps de renaître d'en-haut ! Quarante jours avant la Pâque, Vous commencez l'ultime étape.	R/ VIVONS EN ENFANTS DE LUMIERE SUR LES CHEMINS OÙ L'ESPRIT NOUS CONDUIT : QUE VIVE EN NOUS LE NOM DU PERE !		2. L'heure est venue de sortir du sommeil !				
 Voici le temps de l'appel au désert !									
 Allez où va le Fils de l'homme.									
 La joie de Dieu sur lui repose.									
 Voici le temps d'affronter l'Ennemi !									
 N'ayez pas peur face aux ténèbres.									
 A l'horizon la croix se dresse.									
Voici ce cœur (St Jean Eudes)	Voici ce coeur (St Jean Eudes)		R/ Voici ce cœur, Qui a tant aimé les hommes. Voici ce cœur, Qui s’est livré pour le monde. Voici ce cœur, qui a soif de toi.	1. Jésus, Dieu de ma vie, que ton amour Est admirable pour moi. Tu m’aimes, tu me désires, me cherches, Comme si j’étais nécessaire. Tu me désires comme un véritable trésor.	2. Tu cherches mon amitié Pour en faire ton bonheur. Seigneur, pourrais-tu en faire Davantage pour moi ? Ô bonté, je me perds dans l’infini de ton amour.	3. Que répondre à ces voix qui m’invitent à t’aimer ? + Je veux que toutes mes pensées, mes paroles et actions, Tous les instants de ma vie Et même tous mes péchés se transforment En autant de voix qui disent éternellement : « Mon Seigneur Jésus, je t’aime ».	4. Seigneur Jésus, mon Sauveur, je te bénis Et t’adore de toute mon âme. Je choisis aujourd’hui ton divin cœur Et celui de ta sainte Mère Comme roi et refuge de mon cœur.  5. Je t’offre mon amour. Je désire que toutes mes pensées, Mes paroles et mes actions Soient en tout des actes de louange Et d’adoration pour ton cœur.  6. Reçois-moi, Seigneur très bon, Au nombre de tes serviteurs, Des enfants de ton cœur, De celui de ta mère Qui n’est qu’un avec le tien.  7. Dispose de moi et de tout ce qui m’appartient Selon ton bon plaisir. De mon côté, ô Jésus, je prends la résolution de t’aimer Et d’honorer ton sacré Cœur en imitant son humilité Et son ardent amour pour le prochain.  8. Père des miséricordes, Imprime toi-même ces vertus Dans le cœur de ton enfant, Pour t’aimer et te glorifier Pour l’éternité.		
Voici ce que nous portons devant toi	Voici ce que nous portons devant toi	1. Voici ce que nous portons devant toi, ô Seigneur  Ce sont les fruits de tous nos efforts, o Seigneur	R/ Reçois-les, reçois-les, Seigneur Bénis-les et bénis nous		2. Tout ce qui vit dans les cieux, qui vit sur terre et dans les eaux Nous le savons, Dieu tout puissant, c’est toi qui en es le créateur	3. Nos mains ouvertes devant, nous t’offrons notre humble vie Fais-en Seigneur ce que tu veux.			
Voici le Corps et le Sang du Seigneur	Voici le Corps et le Sang du Seigneur		R/ Voici le Corps et le Sang du Seigneur, la coupe du salut et le pain de la vie. Dieu immortel se donne en nourriture pour que nous ayons la vie éternelle	1. Au moment de passer vers le Père le Seigneur prit du pain et du vin, pour que soit accompli le mystère qui apaise à jamais notre faim.	2. Dieu se livre lui-même en partage, par amour pour son peuple affamé. Il nous comble de son héritage afin que nous soyons rassasiés.	3. C'est la foi qui nous fait reconnaître, dans ce pain et ce vin consacrés, la présence de Dieu notre maître le Seigneur Jésus ressuscité.	4. Que nos langues sans cesse proclament, la merveille que Dieu fait pour nous. Aujourd'hui il allume une flamme, afin que nous l'aimions jusqu'au bout.		
Voici qu'apparut dans le ciel un signe merveilleux	Voici qu'apparut dans le ciel un signe merveilleux		R/Voici qu'apparut dans le ciel un signe merveilleux : Une femme vêtue de soleil, et la lune sous ses pieds, Et sur sa tête une couronne de douze étoiles.	1. Elle gémit dans les douleurs de l'enfantement. Elle enfanta un Fils qui doit paître toutes les nations. Et son enfant fut emporté jusqu'au ciel.	2. Et j'entendis du haut du ciel une voix : « Voici la royauté, la puissance de notre Seigneur ! » Seigneur, que toute voix chante la Mère et l'Enfant.				Voici qu'apparut dans le ciel un signe merveilleux
Voici que l'ange Gabriel	Voici que l’ange Gabriel		R/ Voici que l’ange Gabriel, Devant la Vierge est apparu. De toi va naître un enfant Dieu, Et tu l’appelleras Jésus.	1. De mon Seigneur j’ai tout reçu, Je l’ai servi jusqu’à ce jour, Qu’il fasse en moi sa volonté, Je m’abandonne à son amour. R/	2. Et Dieu se fit petit enfant, La Vierge lui donna son corps. Il connut tout de notre vie, Nos humbles joies et notre mort ! R/	R/ Voici que l’ange Gabriel, Devant la Vierge est apparu. De toi va naître un enfant Dieu, Et tu l’appelleras Jésus.  (CODA) Et son nom est Emmanuel !			
Vous tous qui avez été baptisés en Christ	Vous tous qui avez été baptisés en Christ		R/ Vous tous qui avez été baptisés en Christ, vous avez revêtu le Christ, Alléluia!	1. Le Seigneur a aimé l’Église et s’est livré pour Elle. Il l’a sanctifiée par le bain d’eau, qu’une parole accompagne.	2. Nous avons été ensevelis avec le Christ, par le baptême dans sa mort, et Dieu nous a fait revivre en nous ressuscitant avec Lui.	3. Nous avons été baptisés dans un même Esprit, et tous nous avons été désaltérés par cet unique Esprit.	4. Gloire au Père, au Fils, au Saint Esprit, Comme il était au commencement, Maintenant et toujours Dans les siècles des siècles. Amen.		
